author,Hash_tag2
Jaclynhill,[][][][][][][][][][][][][][][]
diwd_official,[][][][][][][][][][][][][][][][]
garyvee,[][][][['OverRatedUnderRated']][]
glamlifeguru,"[][][['bitebeautypartner'], ['powermovelipstick']][['rarebeauty']][][][][][][][][][][['Eyeshadow'], ['drugstoremakeup'], ['eyemakeup'], ['grwm']]"
hudabeauty,"[['savelebanonÃ'], ['saveafghanistanÃ'], ['haitiearthquakeÃ'], ['soscuba'], ['algeriaisburning']][['WildObsessions'], ['repost']][['WildObsessions'], ['repost']][['WildObsessions'], ['repost']][['WildObsessions'], ['repost']][['WildObsessions'], ['repost']][][][][][][['WILDOBSESSIONS']][['WILDOBSESSIONS']][['WILDOBSESSIONS']][['WILDOBSESSIONS']][['WILDOBSESSIONS']][['WildObsessions']][['WildObsessions']][][][['repost']][['repost']][['repost']][['repost']][['repost']][['repost']][['repost']][['repost']][['WILDOBSESSIONS']][['WILDOBSESSIONS']][['WILDOBSESSIONS'], ['ASOS'], ['SephoraEurope'], ['SephoraNorthAsia']][['WILDOBSESSIONS'], ['ASOS'], ['SephoraEurope'], ['SephoraNorthAsia']][['WILDOBSESSIONS'], ['ASOS'], ['SephoraEurope'], ['SephoraNorthAsia']]"
jamescharles,"[][][][][][][][['makeup'], ['transition']][][][][][][]"
rclbeauty101,"[][][][][][][][][][][['SKG'], ['SKGF5'], ['SKGF5massagegun'], ['SKGF5minimassagegun'], ['ad']][][][]"
shmee150,"[['Ferrari'], ['SF90'], ['futureshmeemobile'], ['AssettoFiorano'], ['BannedAuto'], ['LAcars'], ['Shmee150']][['McLaren'], ['P1'], ['McLarenP1'], ['testdrive'], ['CarWeek'], ['Shmee150']][['Mercedes'], ['300SL'], ['PebbleBeach'], ['CarWeek'], ['testdrive'], ['Shmee150']][['Bugatti'], ['Bolide'], ['Quail'], ['CarWeek'], ['Shmee150']][['AstonMartin'], ['Valkyrie'], ['ValkyrieSpider'], ['firstlook'], ['PebbleBeach'], ['CarWeek'], ['Shmee150']][['Czinger'], ['Czinger21C'], ['CarWeek'], ['Shmee150']][['Czinger'], ['Czinger21C'], ['CarWeek'], ['Shmee150']][['Czinger'], ['Czinger21C'], ['CarWeek'], ['Shmee150']][['Porsche'], ['911Targa'], ['HeritageDesignEdition'], ['testdrive'], ['HGregLux'], ['Miami'], ['Shmee150']][['SavageGarage'], ['Pagani'], ['Huayra'], ['Miami'], ['Shmee150']][['Shelby'], ['GT500'], ['Ford'], ['Mustang'], ['Shmeemobile'], ['Shmee150']][['Mercedes'], ['AMG'], ['GTBlackSeries'], ['Shmeemobile'], ['Shmee150']][['Mercedes'], ['AMG'], ['BlackSeries'], ['Shmeemobile'], ['TheShmuseum'], ['Shmee150']][['Lamborghini'], ['Aventador'], ['SVJ'], ['carspotting'], ['AstonMartin'], ['Vantage'], ['Shmeemobile'], ['londoncars'], ['Shmee150']]"
thatdudeinblue,"[['lambo'], ['twinturbo'], ['tt'], ['ttlambo'], ['huracan'], ['huracanperfomante']][['thatdudeinblue'], ['ct5vblackwing'], ['ct5v'], ['cadillac'], ['cars'], ['manualtransmission'], ['manual'], ['lt4'], ['boost'], ['sixspeed'], ['horsepower']][['thatdudeinblue'], ['ct5vblackwing'], ['ct5v'], ['cadillac'], ['cars'], ['manualtransmission'], ['manual'], ['lt4'], ['boost'], ['sixspeed'], ['horsepower']][['thatdudeinblue'], ['ct5vblackwing'], ['ct5v'], ['cadillac'], ['cars'], ['manualtransmission'], ['manual'], ['lt4'], ['boost'], ['sixspeed'], ['horsepower']][['thatdudeinblue'], ['boss302'], ['mustang'], ['twinturbo'], ['coyote'], ['mach1'], ['ford'], ['fordperformance']][['thatdudeinblue'], ['adventuredrives'], ['adventure']][['thatdudeinblue'], ['cars'], ['cadillac'], ['blackwing'], ['ctsv'], ['ct5vblackwing'], ['ct4vblackwing']][['thatdudeinblue'], ['honda'], ['eg'], ['turbo'], ['k20'], ['boost']][['thatdudeinblue'], ['honda'], ['civic'], ['eg'], ['awd'], ['k20'], ['turbo']][['thatdudeinblue'], ['integratyper'], ['racecar'], ['review'], ['integra'], ['honda'], ['acura']][['thatdudeinblue'], ['subzero'], ['s550'], ['mustang'], ['mustanggt'], ['coyote']][['thatdudeinblue'], ['rx7'], ['fire'], ['2step'], ['mazda']][['thatdudeinblue'], ['rx7'], ['fire'], ['2step'], ['mazda']][['thatdudeinblue'], ['carreview'], ['cars'], ['supra'], ['mustang'], ['s550'], ['mustanggt'], ['turbo']][['thatdudeinblue'], ['miata'], ['gingium'], ['mazda']]"
thesmokingtire,[][][][][][][][][][][][]
