,author,shortcode,timestamp,likes,comments,caption,text
0,shmee150,CSzoxcyrzj2,1629485286,19080,49,"Photo shared by Tim - Shmee on August 20, 2021 tagging @philwilson, @shmee150wastaken, and @bannedauto. May be an image of 1 person and car.","Back at the wheel of an SF90! With @bannedauto and @philwilson I'm checking out this stunning Assetto Fiorano car and thinking about the final spec I'll opt for mine, which actually needs to be locked next month. I'm also delighted to say that again the car has impressed me, I think it's one of the very best supercars currently on the market, mixing insane performance with new technology in such a seamless way. Needless to say, I'm quite excited about it! #Ferrari #SF90 #futureshmeemobile #AssettoFiorano #BannedAuto #LAcars #Shmee150"
1,shmee150,CSr2jQPjy59,1629224075,22143,100,"Photo shared by Tim - Shmee on August 17, 2021 tagging @ct2go, @shmee150wastaken, and @supercarsteven. May be an image of car and road.","It's a P1 kinda day! Out for a drive in @supercarsteven's newly purchased Ice Silver P1, in a double convoy with @ct2go's full carbon P1 too. Does make me wonder about P1 vs Senna, two very different Ultimate Series cars in their approach, and still remarkable how game changing the P1 was when presented nearly 9 years ago! #McLaren #P1 #McLarenP1 #testdrive #CarWeek #Shmee150"
2,shmee150,CSpWzdxJIIV,1629140321,21606,130,"Photo shared by Tim - Shmee on August 16, 2021 tagging @mercedesbenz, @mercedesbenzmuseum, @mbclassiccenter, and @shmee150wastaken. May be an image of 1 person, car and outdoors.","The beautiful 300SL Roadster is without a shadow of a doubt my dream classic car. Driving this particular example that's for sale with @mbclassiccenter, thanks to @mercedesbenzmuseum, while car spotting countless hypercars around Pebble Beach could not be better! Maybe one day for @theshmeemobiles, maybe one day... #Mercedes #300SL #PebbleBeach #CarWeek #testdrive #Shmee150"
3,shmee150,CSkdxyJAk2n,1628976206,30069,113,"Photo shared by Tim - Shmee on August 14, 2021 tagging @bugatti, @thequailevents, and @shmee150wastaken. May be an image of car and outdoors.","The breathtaking @bugatti Bolide at @thequailevents which is now going into production, there will be 40 of them made. This year had some awesome cars on show, with the new Lamborghini Countach also making its debut #Bugatti #Bolide #Quail #CarWeek #Shmee150"
4,shmee150,CSfHSEzi3BD,1628796639,34073,140,"Photo shared by Tim - Shmee on August 12, 2021 tagging @astonmartinlagonda, and @shmee150wastaken. May be an image of car.","The new @astonmartinlagonda Valkyrie Spider has just launched and I've taken a first look to check it out and see how the new roof system works. There will be 85 units in total, and it features a 3 piece folding roof panel, with new dihedral doors but maintains the same epic powertrain and details. First look video is live on the channel right now! #AstonMartin #Valkyrie #ValkyrieSpider #firstlook #PebbleBeach #CarWeek #Shmee150"
5,shmee150,CScxYOcCz0-,1628718046,22265,110,"Photo shared by Tim - Shmee on August 11, 2021 tagging @shmee150wastaken, and @czinger_vehicles. May be an image of car and outdoors.","First stop at Car Week to check out the updated @czinger_vehicles 21C! Now the lap record holder at Laguna Seca, it features a wider body and even more aero, while still boasting a 2.88l TT V8 and 3 electric motors for 1,250hp while weighing just 1,250kg too. Uniquely it features inline tandem seating with a central position, and must make for the most extraordinary drive #Czinger #Czinger21C #CarWeek #Shmee150"
6,shmee150,CScN67giFvV,1628699456,13466,77,"Photo shared by Tim - Shmee on August 11, 2021 tagging @porsche, @shmee150wastaken, and @hgreglux. May be an image of car and road.","Driving the stunning Porsche Targa 4S Heritage Design Edition thanks to @hgreglux in Miami! The details on this car are spectacular, and I actually would have bought one if allocations had been available, but today I'm taking my first proper look around it and going out for a drive, to see what I'm missing out on. Here in Florida, H Greg Lux actually have 3 of them for sale in different specs, this one in Cherry Red with a manual gearbox is my pick for sure #Porsche #911Targa #HeritageDesignEdition #testdrive #HGregLux #Miami #Shmee150"
7,shmee150,CSZ1qZfi1mw,1628619629,20223,56,"Photo shared by Tim - Shmee on August 10, 2021 tagging @savagegarage, and @shmee150wastaken. May be an image of 1 person, standing, car and outdoors.","Randy @savagegarage has bought back his Pagani Huayra! I never saw it when he owned it before but what a car for him to have in the collection and actually drive as much as he does. Oh, that SLS Black Series is new too, good choice! #SavageGarage #Pagani #Huayra #Miami #Shmee150"
8,shmee150,CSWxTcgr1gy,1628516681,26925,192,"Photo shared by Tim - Shmee on August 09, 2021 tagging @fordperformance, @ford, @shelbyamerican, @shmee150wastaken, and @theshmeemobiles. May be an image of car and road.","Reunited with @theshmeemobiles lime green beast! Back in Miami for a quick stop before heading to California and Car Week for some crazy days ahead. It's so cool to be back with the GT500 after about 4 months where it's been tucked away in Florida, although sadly everything is too last minute to be able to get it across country for the events. That won't stop the fun though, it's great to be back! #Shelby #GT500 #Ford #Mustang #Shmeemobile #Shmee150"
9,shmee150,CSUvz2ppJvy,1628448789,44913,584,"Photo shared by Tim - Shmee on August 08, 2021 tagging @mercedesamg, and @theshmeemobiles. May be an image of car.","It's time! @theshmeemobiles AMG GT Black Series is being resprayed AMG Solarbeam Yellow, and I cannot wait to see how it looks. This was always the plan hence the choice of Graphite Grey Magno for the base as it's the easiest to work with. The transformation is being done by @chartwell_derby just as per my SLS BS respray to Mystic Blue and the repairs to my Senna before. Why not just order it like this you say? It wasn't an option, and believe me I tried. It was absolutely impossible to order the car (RHD UK allocation) in anything other than the standard 8 choices available so this is the only way. What about the value? Life is too short, I'm going to do many thousands of miles in this car for many years to come, reselling it is not in the plans. #Mercedes #AMG #GTBlackSeries #Shmeemobile #Shmee150"
10,shmee150,CSPncQZiNnL,1628276629,24190,158,"Photo shared by Tim - Shmee on August 06, 2021 tagging @mercedesamg, @shmee150wastaken, @theshmeemobiles, and @theshmuseum. May be an image of car.","My AMG Black Series trio are finally together at @theshmuseum! It's a dream come true to have these three incredibly special cars in @theshmeemobiles collection and now for the first time all here following pickup of the SLS BS from @avantgarde_mb fully ready to go. After taking delivery of the GT BS and C63 BS recently, I've been itching to bring the SLS BS home and now need to start planning a tour to Affalterbach... #Mercedes #AMG #BlackSeries #Shmeemobile #TheShmuseum #Shmee150"
11,shmee150,CSKcS1PieRv,1628103012,20139,71,"Photo shared by Tim - Shmee on August 04, 2021 tagging @shmee150wastaken, and @theshmeemobiles. May be an image of 1 person, car and road.","Back to the old school, car spotting in London with @theshmeemobiles original V8 Vantage Roadster! It feels like a decade ago, enjoying the Aston, and filming Aventadors, they just changed from the original LP700-4 to the SVJs! Plus, found a Huayra Roadster and LaFerrari too, all in my new video taking a walk down memory lane with a truly special car in my collection #Lamborghini #Aventador #SVJ #carspotting #AstonMartin #Vantage #Shmeemobile #londoncars #Shmee150"
12,diwd_official,CSxJrglL0Ve,1629401876,10238,72,"Photo by DOITWITHDAN‚Ñ¢ on August 19, 2021. May be an image of car and outdoors.","These are my two favorites. After the dually is done, I'm finishing the 73'... I can't stop looking at old photos and videos of it."
13,diwd_official,CSvMcGNp8XA,1629336214,3092,15,"Photo shared by DOITWITHDAN‚Ñ¢ on August 18, 2021 tagging @atlantacustomwraps, @killboydotcom, and @smokymountaindrives_. May be an image of car and road.",Yo! Dragon Rally XI is this weekend!!! An absolutely epic chance to run the dragon with the best drivers on the road (I'm not in that category üòÇ) but @smokymountaindrives_ go check them out!
14,diwd_official,CSnI2curHnM,1629065897,16981,302,"Photo by DOITWITHDAN‚Ñ¢ on August 15, 2021. May be an image of 3 people and text that says 'The U.S: *Withdraws from Afghanistan after 20 years of occupation The Taliban:'.","This shit is messed up, on a real note."
15,diwd_official,CSiUMZ7sjBW,1628904072,6988,36,"Photo by DOITWITHDAN‚Ñ¢ on August 13, 2021. May be an image of car and outdoors.","Door still go up! 

We dropped a new podcast on WrapLife today with @atlantacustomwraps @killboydotcom and @mac_man_atl"
16,diwd_official,CSgEH6PMmea,1628828538,3408,23,"Photo by DOITWITHDAN‚Ñ¢ on August 12, 2021. May be an image of car.",Late night creepin'
17,diwd_official,CSe1wnQlwNc,1628787478,15351,102,,
18,diwd_official,CSax5KdMXv0,1628651207,7589,382,"Photo shared by DOITWITHDAN‚Ñ¢ on August 10, 2021 tagging @atlantacustomwraps, @killboydotcom, and @justinacw_wraplife. May be an image of car and road.","Yo, so Justin and I have been kicking around the idea of doing a raffle. Like, we fly you out and hang? Do some cool shit? Ride around in the mountains in supercars, etc ... But we wanna make sure that is something you guys would wanna do. That being said, does that sound like fun to y'all? We'd have a blast doing it, and I think some of you would too. Lemme know if we should."
19,diwd_official,CSaCdDrltnI,1628626336,7985,64,"Photo by DOITWITHDAN‚Ñ¢ on August 10, 2021.","Swapped the door panels and dash, and now it's time to build the center console. Got a mini fridge for it too"
20,diwd_official,CSTTGc-MpbI,1628400182,9244,48,"Photo by DOITWITHDAN‚Ñ¢ on August 07, 2021. May be an image of 1 person and text that says 'Fear factor enitrouspart For this next challenge, you're gonna have to get out of a hammock on ketamine'.","""pull that up Jamie, let's see that"""
21,diwd_official,CSQIzoMM5AO,1628294122,10220,142,"Photo by DOITWITHDAN‚Ñ¢ on August 06, 2021. May be an image of text that says 'the Ate half my sandwich prolly save other half for later'.",Still kinda hungry tho
22,diwd_official,CSP29IGLNCa,1628284763,9237,86,"Photo by DOITWITHDAN‚Ñ¢ on August 06, 2021.","Back to chrome! I missed the all chrome centers, so I removed the dip."
23,diwd_official,CSNAhQrrfSF,1628189114,20361,299,"Photo by DOITWITHDAN‚Ñ¢ on August 05, 2021. May be an image of ‚Äétext that says '‚ÄéAbout This Vehicle ‡∞àŸá Sport Driven 4,100 miles Engine size: 600cc i Manual transmission Exterior: White Description ÎÇò0Îãå purchased this gsxr 600 4 days ago as my first bike. I've laid it down twice today at about 5 mph both times and I'm over it. Fuck motorcycles, I'm going back to cars. Someone come take this thing away. Just trying to get what paid for it back- minus the damage I've caused. Citan 4,100 miles I'm great condition besides the dings I've put on it today. Would trade plus cash for a 350zRead Less‚Äé'‚Äé.","Looking at bikes on FB Marketplace and came across this gem ü§£ 

I'm not making fun of this dude. I get it; riding ain't for everyone! But I wanna be like, ""give It a few more tries!"" And then offer 2k less when he crashes it again ü§£"
24,thatdudeinblue,CS2Do8oHtP4,1629566481,4015,10,"Photo shared by David Patterson on August 21, 2021 tagging @dallasperformance. May be an image of 1 person, car and road.",Starting today‚Äôs video shoot off right. @dallasperformance #lambo #twinturbo #tt #ttlambo #huracan #huracanperfomante
25,thatdudeinblue,CSnE_C0nPwJ,1629064016,14357,100,,Driving a BRAND NEW manual sports car is SUCH a delight! Cadillac threw me the keys to the new 668HP Blackwing and asked me for my thoughts! Full video now live on the channel! Link in bio. #thatdudeinblue #ct5vblackwing #ct5v #cadillac #cars #manualtransmission #manual #lt4 #boost #sixspeed #horsepower
26,thatdudeinblue,CSaWn1tnB4Q,1628637036,3987,20,,Finally back! Today‚Äôs video we drive this absolutely insane twin turbo Boss 302 that makes 900HP! I go through the process of the build and how to make something like this happen. Link in bio! #thatdudeinblue #boss302 #mustang #twinturbo #coyote #mach1 #ford #fordperformance @302nightmares
27,thatdudeinblue,CSMzugCngJW,1628182407,8833,53,"Photo shared by David Patterson on August 05, 2021 tagging @thatgirlinred. May be an image of 1 person, monument and outdoors.",Incase you‚Äôve been wondering where I‚Äôve been while MIA. We‚Äôve have traveled to some pretty amazing places on vacation/filming! Thanks to everybody who is patient with content! #thatdudeinblue #adventuredrives #adventure @thatgirlinred @adventuredrives
28,thatdudeinblue,CR2MzjwjBTp,1627423803,8401,30,"Photo by David Patterson in VIRginia International Raceway with @ms.emelia, @pushingpistons, and @engineeringexplained. May be an image of 4 people and people standing.",Friends in all the right places! Nothing like seeing great people and fast cars! Also @ms.emelia trying to be as tall as @engineeringexplained  @pushingpistons #thatdudeinblue #cars #cadillac #blackwing #ctsv #ct5vblackwing #ct4vblackwing
29,thatdudeinblue,CRsHejED1CG,1627085465,6772,31,"Photo shared by David Patterson on July 23, 2021 tagging @boosted_92_eg_hatch. May be an image of car and outdoors.",‚ÄúThe Green Dragon‚Äù is the fastest Honda I‚Äôve ever filmed. 900 AWD HP that weighs nothing. Definitely check out the INSANE video! Link in bio! #thatdudeinblue #honda #eg #turbo #k20 #boost @boosted_92_eg_hatch
30,thatdudeinblue,CRpTYNVj5vt,1626991111,10621,69,,I drove an INSANE 900HP AWD Honda Civic‚Ä¶and then broke it. Link in bio for today‚Äôs awesome video! #thatdudeinblue #honda #civic #eg #awd #k20 #turbo
31,thatdudeinblue,CRenxjCjSeO,1626632636,4229,12,"Photo shared by David Patterson on July 18, 2021 tagging @kob_dc2r. May be an image of 1 person, outdoors and text that says 'Race Racetech TALL PINES'.",Smile like you mean it.  #thatdudeinblue #integratyper #racecar #review #integra #honda #acura
32,thatdudeinblue,CRUsQ4aD3sd,1626299446,7096,51,"Photo by David Patterson on July 14, 2021. May be an image of car and road.","Something comforting. 

#thatdudeinblue #subzero #s550 #mustang #mustanggt #coyote"
33,thatdudeinblue,CRE9-8mDVdg,1625772058,6596,30,,FLAME ON! üî• My good friends at @offtheline_performance having fun with their flamethrower RX7. New video today is live with link in bio! #thatdudeinblue #rx7 #fire #2step #mazda
34,thatdudeinblue,CRCe_OrD1gj,1625688506,8808,100,"Photo by David Patterson on July 07, 2021. May be an image of car, road and text that says 'RTV0018 TOYOTA ‚ò¨ TURBO'.",Hey everyone! It‚Äôs that time of year again. If you‚Äôd like to have your car reviewed up in the north Georgia mountains I will be filming the July 14th-16th! I‚Äôm looking for cars that I have either never filmed before or are different enough to stick out. Email thatdudeinblue@gmail.com if you are able to show! #thatdudeinblue #carreview #cars #supra #mustang #s550 #mustanggt #turbo
35,thatdudeinblue,CRAOSfZjvlD,1625612642,3724,13,"Photo shared by David Patterson on July 06, 2021 tagging @gingium. May be an image of car and outdoors.",Took a day off releasing videos for the holiday! Today I did some filming with @gingium and his incredible miata duo. Videos coming soon! I have a lot of editing ahead. #thatdudeinblue #miata #gingium #mazda
36,thesmokingtire,CS1uuxfnOrt,1629555519,2767,0,"Photo by Matt Farah on August 21, 2021. May be an image of text.","In a subversive way it makes me happy to know that even @jeremyclarkson1 can run a rather large farm for 2 years, make very good, honest and interesting television about it, generally improve the global perceptions and respect due to farmers, make a simple comment about RAIN, and still get glib ‚Äústick to cars‚Äù comments."
37,thesmokingtire,CS0V-ionLgt,1629508987,3036,3,"Photo by Matt Farah on August 20, 2021. May be an image of 1 person, cat and indoor.",Afternoon naps with Niki
38,thesmokingtire,CSzlJVupYhc,1629483385,776,6,"Photo by Matt Farah on August 20, 2021. May be an image of 2 people and text that says 'Latest from TheSmokingTirePodcast JOCI TST#652 #652 Hannah Elliott SMOkiNGL IRE 1:31:07 Hannah Elliott (Bloomberg Autos) TST... TheSmokingTirePodcast TheSmoking 5.3K...'.","Don‚Äôt miss our interview with the knowledgable, wonderful @hannahelliottxo. She went to Pebble, dailies an old Rolls, and has driven some amazing things lately. We talk about the electrification of hypercars and motorcycles, Bentley‚Äôs new coach built GT, and more. Link in bio or grab it on your favorite podcast app."
39,thesmokingtire,CSxcxaFpKTY,1629411886,6021,0,"Photo by Matt Farah on August 19, 2021.","When I posted a shot of the Bronco‚Äôs open tailgate before asking if maybe it didn‚Äôt take up too much space, there was a bunch of ‚Äúdurrr but Jeep tho.‚Äù Comments. Making sure I wasn‚Äôt crazy, I found a Wrangler and measured. A Wrangler‚Äôs tailgate is 42 inches across. This is 50.5. If you don‚Äôt think eight inches of difference is a lot when measuring cars, it‚Äôs enough for most manufacturers to use nomenclature like ‚ÄúLWB.‚Äù In this photo, the Bronco is parked four feet from my garage door and the tailgate made impact when opened. I am digging the Bronco so far, but this is pretty poor design for usability, especially considering the pressurized hydraulics open it all the way (like a vertical tailgate). And all you ‚ÄúDurr Jeep‚Äù people can mind your P‚Äôs and fuckin Q‚Äôs because spidey sense was right: massively bigger than a Jeep."
40,thesmokingtire,CSxBEODrRN0,1629397384,5222,111,,I had a terrible time driving the new GR86 around @monticellomotorclub .
41,thesmokingtire,CSwmPIvHhGE,1629383294,7174,322,"Photo by Matt Farah on August 19, 2021.","You really need a lot of room to open this tailgate all the way, huh? That might be an issue with the 4-door. UPDATE: I measured. 50.5‚Äù tailgate compared to 42 on a wrangler. Massively bigger, so anyone who says it‚Äôs the same as a Jeep can suck it."
42,thesmokingtire,CSwkrTzHBP6,1629382476,4917,0,Photo by Matt Farah in Venice Beach. May be an image of car and outdoors.,Nice little rig I got for this week!
43,thesmokingtire,CSu86xAJfLy,1629328076,590,0,"Photo by Matt Farah on August 18, 2021.",The episode with @hannahelliottxo has been published!
44,thesmokingtire,CSu0yS-h_5F,1629323813,6603,315,"Photo by Matt Farah on August 18, 2021. May be an image of car and road.",What do you think of the new GR86 styling? Let us know and then go watch our review! Link in bio!
45,thesmokingtire,CSuUVwQH3ul,1629306802,4723,0,Photo by Matt Farah in Georgia Mountain Coaster. May be an image of 1 person and outdoors.,One rule of life is that you never pass an Alpine Coaster without stopping to have a go.
46,thesmokingtire,CSuRz-Nnnun,1629305476,5860,0,"Photo by Matt Farah on August 18, 2021. May be an image of car and road.","In north Georgia putting 300 miles on the 2022 911 GTS Coupe 7MT w/ Lightweight package! Embargo 9/21 means I‚Äôm one of the first to have a go, even before Ze Germans. What a fuckin fabulous day to drive these mountains tho!"
47,thesmokingtire,CSuPpijrtbG,1629304342,1504,0,"Photo by Matt Farah on August 18, 2021. May be an image of ‚Äécar, outdoors and ‚Äétext that says '‚Äéÿ± TOYOTA GR86 DID THEY RUIN IT? TST‚Äé'‚Äé‚Äé.","My review of the Toyota GR86 is up! This car had big shoes to fill. There's great risk when a car company updates a legend (ask BMW). The last 86/BRZ/FR-S was fun but flawed. A lot has been done to address its shortcomings. There's so much to cover you'll just have to watch the video.

Link in bio!"
48,hudabeauty,CSvz19DldEw,1629356873,100917,2518,"My loves, there is SO much going on the world right now and it‚Äôs so heartbreaking to see. I know how hard it is when you feel that you‚Äôre unable to make a difference, but just spreading awareness by sharing content can make a huge impact as well as helping charities out if you‚Äôre able to. Please swipe through and share with your friends!¬†#savelebanon¬†#saveafghanistan¬†#haitiearthquake¬†#soscuba #algeriaisburning
‚†Ä‚†Ä‚†Ä‚†Ä‚†Ä‚†Ä‚†Ä‚†Ä‚†Ä
Please comment below & tag ways people can help my loves.
‚†Ä‚†Ä‚†Ä‚†Ä‚†Ä‚†Ä‚†Ä‚†Ä‚†Ä","Repost @huda
My loves, there is SO much going on the world right now and it‚Äôs so heartbreaking to see. I know how hard it is when you feel that you‚Äôre unable to make a difference, but just spreading awareness by sharing content can make a huge impact as well as helping charities out if you‚Äôre able to. Please swipe through and share with your friends!#savelebanon¬†#saveafghanistan¬†#haitiearthquake¬†#soscuba #algeriaisburning
‚†Ä‚†Ä‚†Ä‚†Ä‚†Ä‚†Ä‚†Ä‚†Ä‚†Ä
Please comment below & tag ways people can help my loves.
‚†Ä‚†Ä‚†Ä‚†Ä‚†Ä‚†Ä‚†Ä‚†Ä‚†Ä
Thanks¬†@kuvrd for inspiring this post with your amazing roundup"
49,hudabeauty,CSuRKqeJ1Di,1629305274,24910,307,,"Stunning MUA @donni.davy unleashing her wild side with #WildObsessions in Chameleon & Jaguar üî• Versatile, super buildable, fiercely pigmented shades & creamy AF textures!
‚†Ä‚†Ä‚†Ä‚†Ä‚†Ä‚†Ä‚†Ä‚†Ä‚†Ä
#repost @donni.davy
Been having so much fun playing w/ @hudabeauty‚Äôs gorgeous new Wild Obsessions palettes Chameleon + Jaguarü¶éüêÜ! Topped off the look w/ my Donni x @face_lace decals in SPIKED"
50,hudabeauty,CSuQY0iln1a,1629304946,25341,255,,"Maximum control, super EASY & precise application with LIFE LINER - QUICK 'N EASY! Have you tried it yet my loves? üñ§

LIFE LINER - QUICK 'N EASY Liquid Liner:
‚è∞Lasts all day
üñäÔ∏èSuper fine tip (0.03mm) for maximum control
üñ§Constant flow of ink
‚ö´Shade in ‚ÄòVery Vanta‚Äô aka ultra-black & matte
üíßWaterproof
‚úÖSmudge-proof, transfer-proof, flake-proof
‚úÖSO easy to remove
‚ùåDoesn‚Äôt bleed
üíïPerfect for beginners"
51,hudabeauty,CSuPeEFFoob,1629304598,20029,162,,"Which eyeliner style is your go-to? Classic, Winged, Feline, or Graphic? Gorg @i.am.foxxy using Life Liner Quick ‚ÄòN Easy üñ§

repost @i.am.foxxy
üö® NEW FAVORITE EYELINER ALERT üö®
Quick‚Äôn Easy‚Ä¶ there isn‚Äôt a better fitting name to be honest! Glides super easily, the formula doesn‚Äôt bleed into your skin, which makes it perfect for sharp lines, and the tip is sooo tiny and sooo precise üòçüëåüèºSo far pretty happy with my first impressions and will keep you updated once I use it several times üòç"
52,hudabeauty,CSuIGUiF0RP,1629300384,41530,658,,"Unleash your WILD side with Jaguarüêà‚Äç‚¨õ& Chameleon ü¶é#WILDOBSESSIONS Whether you want a soft pop of color or a WILD smokey eye, we‚Äôve got you covered day or night!üî•"
53,hudabeauty,CSuGPHDlI3E,1629299806,42719,494,,"Feeling fierce with Jaguarüêà‚Äç‚¨õüñ§ Versatile, buildable, fiercely pigmented shades & creamy AF textures! #WILDOBSESSIONS"
54,hudabeauty,CSuFbTmlTY9,1629299118,38802,302,,Gorg @ashleykaylamakeup wearing Chameleon #WildObsessions ü¶éüíñ Tag a bestie who loves a colorful eye glam!
55,hudabeauty,CSrvyfKh04r,1629220722,42711,348,,"Leading liners vs Life Liner Quick ‚ÄòN Easy üñ§üî•üò±
Now available at @hudabeautyshop, @sephora, @asos, @cultbeauty, @feelunique, @naimies @bootsuk, @harrods, @netaporter, @theofficialselfridges, @kohls, and all other retailers."
56,hudabeauty,CSrvbMjB9Iq,1629220431,50895,258,,"Thanks for your amazing review @roseandben üñ§ Lining & defining made EASY with LIFE LINER QUICK 'N EASY. #repost
""This one definitely gives you major precision! The tinier the tip of the liner is the more control you have üí´ This one would be great for graphic eyes ‚ú® Also great for baby wings too! I really like it üëèüèª"" @roseandben
‚†Ä‚†Ä‚†Ä‚†Ä‚†Ä‚†Ä‚†Ä‚†Ä‚†Ä
LIFE LINER - QUICK 'N EASY Liquid Liner:
‚è∞Lasts all day
üñäÔ∏èSuper fine tip (0.03mm) for maximum control
üñ§Constant flow of ink
‚ö´Shade in ‚ÄòVery Vanta‚Äô aka ultra-black & matte
üíßWaterproof
‚úÖSmudge-proof, transfer-proof, flake-proof
‚úÖSO easy to remove
‚ùåDoesn‚Äôt bleed
üíïPerfect for beginners"
57,hudabeauty,CSruyhTBmB1,1629220177,203256,1482,,"Feeling green with PYTHON üêçüêçüêç Versatile, buildable, fiercely pigmented shades & creamy AF textures! #WILDOBSESSIONS & Matte Basics Melted Shadows (Black & White) is now available on hudabeauty.com üíö"
58,hudabeauty,CSruWbChbZM,1629219879,77165,623,,"Drop some üíöüêç if you‚Äôre getting WILD with this Python inspired look! #WILDOBSESSIONS officially launched everywhere! Watch till the end ü§£

Hair by @domseeley"
59,hudabeauty,CSruK92hfre,1629219681,24592,377,"#hudabeauty #eyeshadow #palette Which animal will you be channelling?üî•PYTHON JAGUAR CHAMELEON TIGER 
‚†Ä‚†Ä‚†Ä‚†Ä‚†Ä‚†Ä‚†Ä‚†Ä‚†Ä
#WILDOBSESSIONS are now available at hudabeautyshop, sephora, asos, cultbeauty, feelunique, naimies bootsuk, harrods, netaporter, theofficialselfridges, kohls, and all other retailers
‚†Ä‚†Ä‚†Ä‚†Ä‚†Ä‚†Ä‚†Ä‚†Ä‚†Ä
Our Tiger Obsessions Palette is exclusive to hudabeauty.com, #ASOS, #SephoraEurope & #SephoraNorthAsia","Which animal will you be channelling?üî•PYTHON üêç JAGUAR üêà‚Äç‚¨õCHAMELEON ü¶éTIGER üêÖ
‚†Ä‚†Ä‚†Ä‚†Ä‚†Ä‚†Ä‚†Ä‚†Ä‚†Ä
#WILDOBSESSIONS* are now available at @hudabeautyshop, @sephora, @asos, @cultbeauty, @feelunique, @naimies @bootsuk, @harrods, @netaporter, @theofficialselfridges, @kohls, and all other retailers üêà‚Äç‚¨õüêçüêÖü¶é
‚†Ä‚†Ä‚†Ä‚†Ä‚†Ä‚†Ä‚†Ä‚†Ä‚†Ä
*Our Tiger Obsessions Palette is exclusive to hudabeauty.com, #ASOS, #SephoraEurope & #SephoraNorthAsia"
60,jamescharles,CSsFa_1JbNb,1629231871,934457,33676,"Photo by James Charles on August 17, 2021. May be an image of 1 person.",u made me hate this city
61,jamescharles,CSfZbAZJL3N,1628806150,803758,25859,"Photo by James Charles in Malibu, California with @jacquemus. May be an image of 1 person, standing and outdoors.",next to u in malibu
62,jamescharles,CSKl0pthPg1,1628108008,1315203,135652,"Photo by James Charles on August 04, 2021. May be a closeup of 1 person and text that says 'SERRE'.",red your mind ‚ù§Ô∏è‚Äçüî•
63,jamescharles,CSARdg_p7GE,1627761789,1731218,109628,"Photo by James Charles on July 31, 2021. May be an image of 1 person.","no cappuccino, I like these photos a latte ‚òïÔ∏è"
64,jamescharles,CRxI2nepStq,1627254005,587206,4883,,‚≠êÔ∏è‚ú®üí´
65,jamescharles,CRrnSwxJ7pR,1627068592,1435007,5493,"Photo by James Charles on July 23, 2021. May be a closeup of 1 person.","falling stars üí´ just posted a new video showing my secrets to getting a viral instagram photo! go check it out üëÄ

look inspired by @ageofaquaria"
66,jamescharles,CRmmQbpJPUT,1626900276,1024031,8717,"Photo by James Charles on July 21, 2021. May be an image of 1 person.","rule number one, never be number two"
67,jamescharles,CRZX2X7JZYn,1626456524,668418,4937,,just a cute little #makeup #transition üíúüíú what‚Äôs your favorite color?
68,jamescharles,CRXWc1Ypa-q,1626388673,1217503,5954,"Photo by James Charles on July 15, 2021. May be an image of 1 person, standing and indoor.",game over üïπ
69,jamescharles,CRNCwg1pnUb,1626042804,1221324,17208,"Photo by James Charles on July 11, 2021. May be an image of 1 person.",no cap üß¢
70,jamescharles,CRHqZRlpzhi,1625862258,1348862,6541,"Photo by James Charles on July 09, 2021. May be an image of 1 person and standing.","beep beep, is that my bessie in a tessie üöô what‚Äôs your go to gas station snack?"
71,jamescharles,CQ1jk1MJFDJ,1625254703,2292809,24005,"Photo shared by James Charles on July 02, 2021 tagging @theballerinabridemua, and @lunarbeauty. May be an image of 1 person.","New Beginnings ü¶ã Hi sisters, long time no see. I wanted to let you guys know that I uploaded a new video today. It's an open and honest conversation where I talk about literally everything from the past couple of months. It‚Äôs a long one, but one of the most important videos I‚Äôve ever filmed, so I‚Äôd really appreciate if you checked it out. üíô"
72,rclbeauty101,CSAKhlCpJc1,1627758152,37435,827,"Photo shared by Rachel Levin on July 31, 2021 tagging @kslamclothing. May be an image of 1 person, standing, car and outdoors.","I will not lie, this was not just a candid shot of me getting out of the car.. I did pose (Outfit from @kslamclothing )"
73,rclbeauty101,CRhkgFIJHcD,1626731584,18436,610,"Photo by Rachel Levin on July 19, 2021. May be an image of 1 person.",*decides to get out more* *only does things that don‚Äôt involve me leaving the car*
74,rclbeauty101,CRcMaDkJ-dw,1626551179,27327,919,"Photo shared by Rachel Levin on July 17, 2021 tagging @milanka.bee. May be an image of 1 person, standing and outdoors.",Tell me why I was surprised that it was windy WHEN I LITERALLY DROVE TO A WIND TURBINE TO TAKE PICTURES HOW DO PEOPLE DO IT AT COACHELLA?!?
75,rclbeauty101,CRXIbRrpF7r,1626381320,76933,955,"Photo shared by Rachel Levin on July 15, 2021 tagging @milanka.bee, and @neyobambi. May be an image of 2 people.",*I asked and Neyo said I could post this*
76,rclbeauty101,CN0YKe7JcMY,1618772715,24870,534,"Photo shared by Rachel Levin on April 18, 2021 tagging @natalie_alonzo, and @reaganlinkartistry. May be an image of 2 people and braids.",A literal drunk stylist styled this fit but I‚Äôm not mad about it
77,rclbeauty101,CNVrsTGpxYI,1617742766,16836,207,"Photo shared by Rachel Levin on April 06, 2021 tagging @eptm.us. May be an image of 1 person and standing.",You never realize how fast hair grows until you bleach it!! what color is your hair rn AND if you were gonna dye it what color would you choose??
78,rclbeauty101,CNQgQJHJqEJ,1617568996,44191,781,"Photo shared by Rachel Levin on April 04, 2021 tagging @shotbyzach. May be an image of 1 person, standing and high-heeled shoes.",*sees a tiktok of someone that says to take photos in a parking garage at night*
79,rclbeauty101,CLsMDyFpKAG,1614202966,49873,549,"Photo shared by Rachel Levin on February 24, 2021 tagging @patrickchurchny, and @shotbyzach. May be an image of 1 person and standing.",BIRTHDAY GIRL!!!! What a life- I love being able to experience life for so many years that‚Äôs pretty cool!
80,rclbeauty101,CLSfO8YFuBW,1613340603,30721,493,"Photo by Rachel Levin on February 14, 2021. May be an image of 1 person and indoor.",So apparently sitting down for 1 year straight makes your back hurt.. THIS WAS NEWS TO ME üòÇ but I got the SKG F5 mini massage gun it‚Äôs light weight and has 3 speeds and a heating function and ugh it‚Äôs so good if you were looking for a massage gun bc you‚Äôre single and have no one to give you back massages- use the code Rachel20F5 to get 20% off the @skgglobal massage gun!! #SKG #SKGF5 #SKGF5massagegun #SKGF5minimassagegun #ad
81,rclbeauty101,CJCGN06l1Sn,1608495649,67234,1549,"Photo shared by Rachel Levin on December 20, 2020 tagging @prixworkshop. May be an image of 1 person, hair, outerwear and outdoors.",So now that I successfully look good in 3 hair colors... what color should I do next üòè
82,rclbeauty101,CI4RSO2l72B,1608165908,76979,1144,"Photo shared by Rachel Levin on December 16, 2020 tagging @brandonrinxon, and @reaganlinkartistry. May be an image of 1 person, hair, outerwear and outdoors.",??????
83,rclbeauty101,CHBeXdhJMT7,1604179789,40212,2336,"Photo shared by Rachel Levin on October 31, 2020 tagging @ruthie_davis, @zigman_official, @tylerglambert, and @augustaldridge_. May be an image of 1 person and outerwear.",I really went all out for halloween this year for someone that has no intentions of leaving the house... what are you dressing up as?!
84,glamlifeguru,CSZ9MlVpd1g,1628623614,12589,165,,Every favorite of mine for amazing skin! Link is in my bio ???
85,glamlifeguru,CRzHF9ADj2d,1627320183,32328,315,,??New Video?? Link is in my Bio ???
86,glamlifeguru,CRkoZq5jCvr,1626834988,19400,271,,Hot Product Alert! ???? Iím in love with the new Power Move Lipstick from @bitebeauty Watch it swatched & tested! Use code TATI at Checkout on BiteBeauty.com to save 20% on everything #bitebeautypartner #powermovelipstick ?????
87,glamlifeguru,CRE7A5jD7E_,1625770308,63758,578,"Photo by Tati Westbrook on July 08, 2021. May be a closeup of 1 person.",New video on my channel! Link in bio ??? #rarebeauty
88,glamlifeguru,CQUoXhmjPxD,1624149919,199013,3428,"Photo by Tati Westbrook on June 19, 2021. May be an image of 1 person.",???
89,glamlifeguru,CQOyKQ3jxSs,1623953760,226171,19592,,Iím Back ???
90,glamlifeguru,CAuLI0djNyn,1590647429,172824,35625,,XOís ?? ?? by one of my favorite artists. @jamesarthur23 ìThe Truthî
91,glamlifeguru,B_wMi73jtho,1588567652,51344,1280,,Yeah... ummmm... no... See you tomorrow 10am pst - lets talk all about what Iím currently NOT loving ??
92,glamlifeguru,B_qCcqyjVIS,1588361014,185638,897,"Photo by Tati Westbrook on May 01, 2020. May be an image of 1 person.",I canít get over how much I love this!!! @nabfi_art ???
93,glamlifeguru,B_k1Q1LDto7,1588186329,145141,1746,"Photo by Tati Westbrook on April 29, 2020. May be an image of 1 person.",??
94,glamlifeguru,B--7TfRDoCQ,1586914428,92043,727,"Photo by Tati Westbrook on April 14, 2020. May be an image of 1 person.",Sunset ???
95,glamlifeguru,B-3VA13DG-b,1586659618,26826,418,,3 looks in one video testing Drugstore #Eyeshadow one smash hit palette... one that frustrated me to no end ??????? Link is in Bio ???#drugstoremakeup #eyemakeup #grwm
96,Jaclynhill,CSuOYboAYIn,1629303678,425007,4858,"Photo shared by J A C L Y N üòú on August 18, 2021 tagging @farnumgrindtime. May be an image of 2 people, dog and indoor.",WE ARE OFFICIALLY MOVING IN TOGETHER!! ??????????????????????????????? We are so excited to call it ìOUR HOME!î ??????
97,Jaclynhill,CSnO5JyMPQh,1629069065,139395,3257,"Photo by J A C L Y N üòú in Cheese Heaven. May be an image of 1 person, standing and purse.",What is your biggest craving? Mine is always cheese. ????
98,Jaclynhill,CSVHK_RAaDt,1628461042,356841,7273,,"Iím here to remind you that you donít have to have an ìIG Baddieî body to be a successful, powerful & happy woman. ??"
99,Jaclynhill,CSPsWAilXfC,1628279326,212387,2239,,My boyfriend wins at life for the best Birthday cake ever!!!!! ??????????
100,Jaclynhill,CSIHSK6FTnk,1628024888,221035,1172,"Photo shared by J A C L Y N üòú on August 03, 2021 tagging @jaclynhillcosmetics. May be an image of 1 person and indoor.",A PHOTO DUMP IN HONOR OF @ultabeauty believing in me! ?????? My core @jaclynhillcosmetics line is fully restocked & available online & in select stores!! What a dream come true!?????????
101,Jaclynhill,CRjvKrfDz12,1626804284,190748,4109,"Photo shared by J A C L Y N üòú on July 20, 2021 tagging @jaclynhillcosmetics. May be an image of 1 person, cake and balloon.",ITS MY BIRTHDAY!!!???? And to celebrate I am launching 3 beautiful limited edition glosses! @jaclynhillcosmetics ?? Plus there is a new YouTube video on my channel!????????
102,Jaclynhill,CRPz-P2DnDH,1626135715,250479,4657,"Photo shared by J A C L Y N üòú on July 12, 2021 tagging @sashasamsonova, @lipsticknick, and @jaclynhillcosmetics. May be a closeup of 1 person.",TOMORROW IS THE DAY!!! ?? My limited edition Summer Collection launches at 2:00PM EST!?? Whoís excited?!???????? @jaclynhillcosmetics ????
103,Jaclynhill,CRFNKgmjoAw,1625779824,202868,34825,"Photo shared by J A C L Y N üòú on July 08, 2021 tagging @sashasamsonova, @lipsticknick, and @jaclynhillcosmetics. May be an image of 1 person and standing.",Whoís ready for next Tuesday??????? July 13th baby!?? @jaclynhillcosmetics
104,Jaclynhill,CQ9I0ZCjMWx,1625509110,250008,3572,"Photo shared by J A C L Y N üòú on July 05, 2021 tagging @sashasamsonova, and @lipsticknick. May be a closeup of 1 person and pool.",7.13??
105,Jaclynhill,CQ4EJcOjLNw,1625338889,328017,2105,"Photo shared by J A C L Y N üòú on July 03, 2021 tagging @farnumgrindtime. May be a closeup of 2 people.","I just wanted a good picture of my hair & makeup, but @farnumgrindtime had other plans??"
106,Jaclynhill,CQeO-oVnRUa,1624473857,86261,1610,,My go to makeup look I'm excited to show you my current go to look & play with my products!
107,Jaclynhill,CQUGcKMj7xb,1624132132,291459,3474,"Photo by J A C L Y N üòú on June 19, 2021. May be an image of 1 person and indoor.","Itís been 2 weeks since I started an anti-inflammatory diet due to inflammation in my face & bodyÖ and I can not believe my results already! My face has already slimmed out and Iím currently wearing jeans that I couldnít get on 1 month ago! More than anything, I feel amazing! So much more energy & I enjoy food more than ever when I get to ìcheatî so cheers to being healthy & happy! ??????"
108,garyvee,CS2ivLCMy5V,1629582785,24615,850,"Photo by Gary Vay-Ner-Chuk on August 21, 2021. May be an image of book and text that says '#1 NEW YORK TIMES BESTSELLING GARY VAYNERCHUK AUTHOR AND LEVERAGING TWELVE A HALF FOR INGREDIENTS THE BUSINESS NECESSARY EMOTIONAL SUCCESS'.",Donít get it twisted Ö this is gonna be ìthe bookî ??Ö big news on this coming soon ??
109,garyvee,CS17uAQALn9,1629562447,29599,573,,GRATITUDE FOR WHAT YOU HAVE Versus COMPLAINING ABOUT WHAT YOU DONT HAVE
110,garyvee,CS0KgsvgmDM,1629503028,42001,964,,"?? Youíve asked for it, you got it Ö another episode of #OverRatedUnderRated is here"
111,garyvee,CSy-aVlsUKn,1629463077,142180,1751,"Photo by Gary Vay-Ner-Chuk on August 20, 2021. May be an image of 1 person and text.","Enough of this ìfailî shit. Life isnít so permanent, especially in when I hear this and its 98% based on professional career. Letís get this concept our of your skull and thoughts and brains ??Ö itís ridiculous, minor setbacks are a part of life, the end, in fact, theyíre awesome, they give you context abs learnings. Please understand this"
112,garyvee,CSwcA7JAjPH,1629378042,74787,1634,,
113,garyvee,CSu_WARAn3k,1629329420,22749,880,,
114,garyvee,CSt0cM1gc-h,1629290165,48828,751,,
115,garyvee,CSsbMFWg3un,1629243331,47189,685,,
116,garyvee,CSrsFArgPYZ,1629218620,42970,669,,
117,garyvee,CSrPuZPg2Ze,1629203761,102725,1331,,
118,garyvee,CSp3JnwLYW4,1629157280,105731,1106,"Photo by Gary Vay-Ner-Chuk on August 16, 2021. May be an image of 2 people, beard and text that says 'OUT OF MY 250 DAYS A YEAR WORK, THERE ARE 7 TO 23 DAYS WHERE I'M LIKE... "" FUCK THIS! SWIPE'.",
119,garyvee,CSpJfYrAHlz,1629133402,137888,2223,,
120,grantcardone,CS2Fy3DiXbE,1629567640,15169,740,,
121,grantcardone,CSzj9UIpiCD,1629482810,33986,2534,,
122,grantcardone,CSy-U38L-tc,1629463032,32556,798,"Photo by Grant Cardone on August 20, 2021. May be an image of 1 person, outdoors and text that says 'S ""IF YOU CAN'T GET A SEAT AT THE TABLE, SERVE WATER TO GET IN THE ROOM GRANT CARDONE'.",
123,grantcardone,CSxhhJRr8AB,1629414374,11522,417,"Photo by Grant Cardone on August 19, 2021. May be an image of 2 people, people standing and indoor.",
124,grantcardone,CSwZgynrCiI,1629376622,7064,1013,Photo by Grant Cardone in World Wide. May be an image of map and text.,
125,grantcardone,CSuHNOriMIy,1629299951,28299,1011,,
126,grantcardone,CSsBxwSJ32l,1629229961,14193,503,Photo by Grant Cardone in Federal Reserve Bank of Atlanta - Miami Branch. May be an image of 1 person and text that says 'CARDONI CARD THE WAY TO MAKE SURE YOU DON'T BURN CASH IS TO CONVERT IT TO REAL ASSETS. GRANT CARDONE'.,
127,grantcardone,CSrfc2EC57l,1629212059,27280,632,,
128,grantcardone,CSpNx0ALrZX,1629135589,20566,522,"Photo by Grant Cardone on August 16, 2021. May be an image of 1 person, aircraft, outdoors and text that says 'TAX TIPS: REDUCE EARNED INCOME TO ZERO EMERGENCYEXIT INVEST IN ASSETS THAT CAN BE DEPRECIATED BORROW AGAINST APPRECIATED ASSETS CNON-TAXABLE EVENT) INVEST IN ART, PROPERTY EQUIPMENT & OTHER BUSINESSES. GRANT CARDONE'.",
129,grantcardone,CSo8x0ui8Aj,1629126803,8876,380,,
130,grantcardone,CSm3b-kp49C,1629058261,18972,537,,
131,grantcardone,CSm4dCZCUkw,1629057428,40944,545,,
132,thesharkdaymond,CS2aOS2Cujp,1629578532,3220,127,,
133,thesharkdaymond,CS1fYrur9Yk,1629547474,4579,207,"Photo by Daymond John on August 21, 2021. May be an image of 1 person, wrist watch and text that says 'MONEY WILL ALWAYS FLOW FROM THE UNINFORMED TO THE INFORMED @TheSharkDaymond'.",
134,thesharkdaymond,CSzoao4HoG5,1629485186,512,75,,
135,thesharkdaymond,CSy0dzkigw5,1629458375,1431,118,,
136,thesharkdaymond,CSyOC-aMsXQ,1629437720,2024,67,"Photo by Daymond John on August 19, 2021. May be an image of 3 people, people standing and outdoors.",
137,thesharkdaymond,CSxXb2jCI3H,1629409110,852,64,,
138,thesharkdaymond,CSwSFTtiWO8,1629372751,867,145,,
139,thesharkdaymond,CSumVk3C1Wn,1629316904,1132,91,,
140,thesharkdaymond,CSt1cUyCRDv,1629290945,1879,188,,
141,thesharkdaymond,CSrzfZ_hpvw,1629223205,416,73,,
142,thesharkdaymond,CSrZiW0Ao42,1629208865,1291,269,"Photo by Daymond John on August 17, 2021. May be an image of text that says 'Daymond John @TheSharkDaymond What is your go-to ""work from home"" playlist?'.",
143,thesharkdaymond,CSqHI0sCuC1,1629165790,910,152,,
144,chiaraferragni,CS2KWPvKVhW,1629570070,297881,1847,,
145,chiaraferragni,CS2CX2iocsW,1629565817,168630,394,Photo by Chiara Ferragni ‚ú® in Porto Cervo with @capellipantene. May be an image of 1 person and indoor.,
146,chiaraferragni,CS1f4NjK3Dc,1629547732,497415,1057,"Photo by Chiara Ferragni ‚ú® on August 21, 2021. May be an image of 2 people, child, people standing, sunglasses and outdoors.",
147,chiaraferragni,CS1KtXWKkNE,1629536633,761680,927,"Photo shared by Chiara Ferragni ‚ú® on August 21, 2021 tagging @fedez, and @tadyellow. May be an image of child, standing and outdoors.",
148,chiaraferragni,CSzcIklqi7Q,1629478660,359633,783,"Photo by Chiara Ferragni ‚ú® on August 20, 2021. May be an image of 1 person and nature.",
149,chiaraferragni,CSy_VVEIL0h,1629463560,357179,1045,"Photo by Chiara Ferragni ‚ú® on August 20, 2021. May be an image of 1 person.",
150,chiaraferragni,CSy1GOYKT2I,1629458194,631654,1359,"Photo by Chiara Ferragni ‚ú® on August 20, 2021. May be an image of 1 person, indoor and text that says 'LUCE'.",
151,chiaraferragni,CSyeOlCohbu,1629446203,641353,2371,"Photo by Chiara Ferragni ‚ú® on August 20, 2021. May be a closeup of 1 person, baby and indoor.",
152,chiaraferragni,CSxED6AodJ8,1629398930,455183,1402,"Photo shared by Chiara Ferragni ‚ú® on August 19, 2021 tagging @versace. May be an image of 1 person, jewelry and outdoors.",
153,chiaraferragni,CSw5IKPobcI,1629393198,474290,1578,Photo by Chiara Ferragni ‚ú® in Porto Cervo. May be an image of 2 people and baby.,
154,chiaraferragni,CSwaGHPoiIJ,1629376928,625352,2236,"Photo by Chiara Ferragni ‚ú® on August 19, 2021. May be an image of 1 person and baby.",
155,chiaraferragni,CSv7n6eIZQs,1629360952,387494,876,"Photo by Chiara Ferragni ‚ú® on August 19, 2021. May be an image of 2 people, child and indoor.",
156,oliviapalermo,CSzRqLqr4rn,1629473168,11859,74,"Photo by Olivia Palermo on August 20, 2021. May be an image of cosmetics.",
157,oliviapalermo,CShlimTLi02,1628879612,113248,654,"Photo shared by Olivia Palermo on August 13, 2021 tagging @andrea_tiller, @kenna_hair_, and @oliviapalermobeauty. May be a closeup of 1 person.",
158,oliviapalermo,CScxCExg_1u,1628717874,4522,70,,
159,oliviapalermo,CSZ5mTPLbnx,1628621693,20232,112,"Photo by Olivia Palermo in The Hamptons with @mrsalice. May be an image of 2 people, people standing and outdoors.",
160,oliviapalermo,CSPBExQgy_H,1628256622,11262,128,,
161,oliviapalermo,CSMze1vrv1l,1628182278,26142,196,"Photo by Olivia Palermo in Downtown Manhattan. May be an image of 1 person, standing and footwear.",
162,oliviapalermo,CSKn25nLCi5,1628109075,23089,89,"Photo by Olivia Palermo in Dr. Robert Anolik with @drrobertanolik. May be an image of 2 people, people standing and indoor.",
163,oliviapalermo,CSAAXOJLMNO,1627752824,60684,244,"Photo shared by Olivia Palermo on July 31, 2021 tagging @andrea_tiller, and @oliviapalermobeauty. May be an image of 1 person and cosmetics.",
164,oliviapalermo,CR9b38Srtd3,1627666585,39217,211,"Photo shared by Olivia Palermo on July 30, 2021 tagging @oliviapalermobeauty. May be an image of 1 person, standing, sunglasses and outdoors.",
165,oliviapalermo,CR6YBHaLDr5,1627563899,24878,169,"Photo shared by Olivia Palermo on July 29, 2021 tagging @oliviapalermobeauty. May be an image of 2 people, sunglasses and text that says 'PALERMO BEAUTY 21014 PALERMO 1 OLIVIA'.",
166,oliviapalermo,CR4ldIHLXPT,1627503836,14125,112,"Photo shared by Olivia Palermo on July 28, 2021 tagging @millionidole, and @oliviapalermobeauty. May be an image of cosmetics.",
167,oliviapalermo,CRzmkiKrtFI,1627336648,57056,220,"Photo shared by Olivia Palermo on July 26, 2021 tagging @boyyboutique, and @oliviapalermobeauty. May be an image of 1 person and standing.",
168,marianodivaio,CS1LCTFodDS,1629536805,99604,339,"Photo by Mariano Di Vaio on August 21, 2021. May be an image of 1 person, standing and outdoors.",
169,marianodivaio,CSyhLFjITED,1629447748,117874,351,"Photo by Mariano Di Vaio on August 20, 2021. May be an image of 7 people and people standing.",
170,marianodivaio,CStqwztIr93,1629285003,144851,451,"Photo shared by Mariano Di Vaio on August 18, 2021 tagging @eleonorabrunaccidivaio, @nathanleonedivaio, @leonardoliamdivaio, and @filibertonoahdivaio. May be an image of 5 people, child, people standing and ocean.",
171,marianodivaio,CSmehjiIR7Z,1629043706,157153,483,"Photo shared by Mariano Di Vaio on August 15, 2021 tagging @nathanleonedivaio, @leonardoliamdivaio, @dolcegabbana_man, and @filibertonoahdivaio. May be an image of 4 people, child, people standing and outdoors.",
172,marianodivaio,CSjRK-DoVJS,1628936042,184045,616,"Photo shared by Mariano Di Vaio on August 14, 2021 tagging @nohow, and @mdvcollection. May be an image of 1 person and wrist watch.",
173,marianodivaio,CSY2bSIIf35,1628586475,128608,366,"Photo shared by Mariano Di Vaio on August 10, 2021 tagging @eleonorabrunaccidivaio. May be an image of 2 people, people standing and outdoors.",
174,marianodivaio,CSSK_IlIUhy,1628362374,81226,217,"Photo by Mariano Di Vaio on August 07, 2021. May be an image of 1 person and outdoors.",
175,marianodivaio,CSMEC6-oLto,1628157604,216991,3837,,
176,marianodivaio,CSJ4-Kuo3lI,1628084493,139483,371,"Photo shared by Mariano Di Vaio on August 04, 2021 tagging @filibertonoahdivaio. May be an image of 2 people, child, people standing and body of water.",
177,marianodivaio,CR8nPkbobTE,1627638991,115573,267,"Photo shared by Mariano Di Vaio on July 30, 2021 tagging @nathanleonedivaio. May be an image of 2 people and people standing.",
178,marianodivaio,CR1zfDIoAjZ,1627410579,304265,1103,,
179,marianodivaio,CRySVnUJTtq,1627292486,31023,103,"MensfashionPost, menstyle, italian man, motocross, Tony cairoli , 222",
180,teachingmensfashion,CSsrJNssU9_,1629251649,85592,195,"Photo shared by Jose Zuniga on August 17, 2021 tagging @_esntls. May be an image of 1 person, standing, footwear and outdoors.",
181,teachingmensfashion,CSS3WgvM7dS,1628385634,73640,271,"Photo shared by Jose Zuniga on August 07, 2021 tagging @_esntls. May be an image of 1 person, footwear and brick wall.",
182,teachingmensfashion,CR9we1-L_cS,1627677389,79293,235,"Photo shared by Jose Zuniga on July 30, 2021 tagging @_esntls. May be an image of 1 person, standing, footwear and indoor.",
183,teachingmensfashion,CRtmozoM1Ds,1627135357,88167,231,"Photo shared by Jose Zuniga on July 24, 2021 tagging @jadeblack.co. May be an image of 1 person, standing and bridge.",
184,teachingmensfashion,CRnKLBnj77C,1626919217,26280,122,,
185,teachingmensfashion,CRh-7KksFmA,1626745437,110762,418,"Photo shared by Jose Zuniga on July 19, 2021 tagging @jadeblack.co. May be an image of 4 people, people standing and indoor.",
186,teachingmensfashion,CRJjQIfsvz6,1625925622,95137,301,"Photo shared by Jose Zuniga on July 10, 2021 tagging @santaluciafragrance. May be an image of one or more people and indoor.",
187,teachingmensfashion,CQ7V6uvsen8,1625448869,92214,250,"Photo shared by Jose Zuniga on July 04, 2021 tagging @thursdaysneakers. May be an image of 1 person, beard, standing, footwear, wrist watch and outdoors.",
188,teachingmensfashion,CQpT0nIMy_-,1624843791,88128,241,"Photo shared by Jose Zuniga on June 27, 2021 tagging @karlaaazuniga_. May be an image of 2 people, child, people standing and outdoors.",
189,teachingmensfashion,CQW0-w_MUUV,1624223641,141971,397,"Photo by Jose Zuniga on June 20, 2021. May be an image of one or more people, people standing and outdoors.",
190,teachingmensfashion,CQJa8VIsK0J,1623773782,80217,260,"Photo shared by Jose Zuniga on June 15, 2021 tagging @_esntls. May be an image of 1 person, standing and outdoors.",
191,teachingmensfashion,CP9g-UgsVDW,1623374291,103507,463,"Photo shared by Jose Zuniga on June 10, 2021 tagging @jadeblack.co. May be an image of 1 person, wrist watch and footwear.",
192,evelina,CSxMeClBfXG,1629403339,1366,21,"Photo shared by ùêÑùêïùêÑùêãùêàùêçùêÄ on August 19, 2021 tagging @imprevubrand, and @shopmoox. May be an image of 1 person, standing, flower and outdoors.",
193,evelina,CSqDZzflh1f,1629163704,1139,12,"Photo shared by ùêÑùêïùêÑùêãùêàùêçùêÄ on August 16, 2021 tagging @imprevubrand, and @shopmoox. May be an image of 1 person.",
194,evelina,CSm7LMEhNWg,1629058727,2964,21,"Photo by ùêÑùêïùêÑùêãùêàùêçùêÄ on August 15, 2021. May be an image of one or more people, people standing, flower and outdoors.",
195,evelina,CSfKr5Eh4jQ,1628798424,2882,34,"Photo shared by ùêÑùêïùêÑùêãùêàùêçùêÄ on August 12, 2021 tagging @fashionnova, and @storets. May be an image of one or more people, people standing and indoor.",
196,evelina,CRkGNU3Bc4M,1626816365,1813,16,Mirror decals,
197,evelina,CRPQ1l_huyi,1626117294,2916,25,"Photo shared by ùêÑùêïùêÑùêãùêàùêçùêÄ on July 12, 2021 tagging @mejuri. May be an image of 1 person.",
198,evelina,CQth12cBy2z,1624985359,3504,36,Miami bikini summer,
199,evelina,CQmgHQcBLl3,1624749572,4688,42,"Photo by ùêÑùêïùêÑùêãùêàùêçùêÄ on June 26, 2021. May be an image of 1 person and sitting.",
200,evelina,CQHgB43BwbI,1623709340,1801,14,"Photo shared by ùêÑùêïùêÑùêãùêàùêçùêÄ on June 14, 2021 tagging @fashionnova, and @realityeyewear. May be an image of 1 person, standing and sunglasses.",
201,evelina,CP9DKPEhd6K,1623358660,1616,12,Cute fashion looks summer fits fashion y2k,
202,evelina,COlUZBcBJFt,1620414904,2113,16,"Photo by ùêÑùêïùêÑùêãùêàùêçùêÄ in Sunset Blvd. with @imjustafox, @aidan_ltd, and @middletonshairco. May be a black-and-white image of 1 person and text that says 'THE CUT BY'.",
203,evelina,COTTBOChfDU,1619810205,2428,23,"Photo by ùêÑùêïùêÑùêãùêàùêçùêÄ on April 30, 2021. May be an image of 1 person, standing, outdoors and text that says 'Chateau Laurier'.",
204,jamieoliver,CS1JnT4jdIG,1629536078,10430,62,,
205,jamieoliver,CSyN0veIstH,1629437653,32520,369,,
206,jamieoliver,CSww868o5OB,1629388911,46739,623,,
207,jamieoliver,CSughipjQAe,1629313190,44737,349,"Photo by Jamie Oliver on August 18, 2021. May be an image of 3 people, people standing and indoor.",
208,jamieoliver,CStbYQqIrtT,1629277020,39991,592,,
209,jamieoliver,CSrqPJwDewc,1629217619,36960,471,"Photo by Jamie Oliver on August 17, 2021. May be an image of food and indoor.",
210,jamieoliver,CSpErcIDsZG,1629130819,52791,500,"Photo by Jamie Oliver on August 16, 2021. May be an image of food.",
211,jamieoliver,CSleDvRoJm0,1629010001,40334,935,,
212,jamieoliver,CSi10XnIaDi,1628921721,11442,119,,
213,jamieoliver,CShkXChjI29,1628879258,33555,1065,,
214,jamieoliver,CSeqBiYD51s,1628781342,52935,795,,
215,jamieoliver,CSb0JEnjAHo,1628686186,39928,594,,
216,rosannapansino,CSzcuBtlA_L,1629478967,52669,164,"Photo shared by Rosanna Pansino on August 20, 2021 tagging @asos, @desireemorales, and @wayfclothing. May be an image of 1 person, child and standing.",
217,rosannapansino,CSspf8glci1,1629250786,65440,136,"Photo by Rosanna Pansino on August 17, 2021. May be an image of 1 person and standing.",
218,rosannapansino,CSki-vXB0cg,1628978933,78466,162,"Photo by Rosanna Pansino on August 14, 2021. May be an image of 1 person and standing.",
219,rosannapansino,CSjyUYnlLNU,1628953420,59796,108,"Photo by Rosanna Pansino on August 14, 2021. May be an image of indoor.",
220,rosannapansino,CSiUTQHl2n9,1628904128,32769,90,"Photo by Rosanna Pansino on August 13, 2021. May be an image of toy.",
221,rosannapansino,CSiP4mplf8Q,1628901813,73572,210,"Photo by Rosanna Pansino on August 13, 2021. May be an image of 1 person, child and standing.",
222,rosannapansino,CSdBoEAlzJr,1628726565,34955,83,"Photo shared by Rosanna Pansino on August 11, 2021 tagging @wayfclothing. May be an image of 1 person and standing.",
223,rosannapansino,CScO97GlluP,1628700005,29970,88,"Photo shared by Rosanna Pansino on August 11, 2021 tagging @asos, @desireemorales, @wayfclothing, and @united_wood. May be an image of 1 person and standing.",
224,rosannapansino,CSZunkHljLo,1628615936,52398,131,"Photo shared by Rosanna Pansino on August 10, 2021 tagging @desireemorales, @elliatt, and @joannawoodmakeup. May be an image of 1 person.",
225,rosannapansino,CSSaoTuBh2U,1628370654,22048,193,,
226,rosannapansino,CSSFzFZl43h,1628359654,99655,100,"Photo shared by Rosanna Pansino on August 07, 2021 tagging @john_vaughn, @vanessamerrell, @veronicamerrell, @aaronburriss, and @husky. May be an image of 6 people, people standing and indoor.",
227,rosannapansino,CSOOviDLcol,1628230125,124805,274,"Photo shared by Rosanna Pansino on August 05, 2021 tagging @emmawillishmu, @houseofcb, and @minzakhan. May be an image of 1 person and indoor.",
228,bingingwithbabish,CS1pBOSLun1,1629552525,20162,144,"Photo by Binging With Babish on August 21, 2021. May be an image of 2 people and text.",
229,bingingwithbabish,CSzIjaVre7N,1629468394,37063,112,"Photo shared by Binging With Babish on August 20, 2021 tagging @kendall.h.beach. May be an image of 1 person, food and indoor.",
230,bingingwithbabish,CSxBL1wrsKj,1629397422,16031,58,"Photo shared by Binging With Babish on August 19, 2021 tagging @alvin.zhou. May be an image of food and text that says 'JIGGLY SOUFFLE OMELETTE'.",
231,bingingwithbabish,CSt8eKTLGhM,1629294288,95292,302,"Photo shared by Binging With Babish on August 18, 2021 tagging @teslamotors, and @mtbkrdave. May be an image of 2 people, car and outdoors.",
232,bingingwithbabish,CSrYce9rWjV,1629208291,22276,26,"Photo shared by Binging With Babish on August 17, 2021 tagging @archerfxx. May be an image of food and indoor.",
233,bingingwithbabish,CSjvKt-rfI_,1628951768,64057,299,"Photo shared by Binging With Babish on August 14, 2021 tagging @geneseebrewery. May be an image of 1 person, beard, standing and outdoors.",
234,bingingwithbabish,CSe9psdL1RF,1628791590,48960,237,"Photo by Binging With Babish on August 12, 2021. May be an image of 1 person, beard, sunglasses and outdoors.",
235,bingingwithbabish,CScClpCLnxX,1628693515,19579,49,"Photo shared by Binging With Babish on August 11, 2021 tagging @fromscratch.77. May be an image of food and text that says 'fromscratch.77 Baltimore, Maryland'.",
236,bingingwithbabish,CSSIFAZrMq5,1628360849,44837,163,"Photo shared by Binging With Babish on August 07, 2021 tagging @courtvision, @jessopon, @abbyglackin, @bradacash, and @kendall.h.beach. May be an image of sky, nature, mountain and text that says 'BEING WITH BABISH'.",
237,bingingwithbabish,CSPKScaLcw3,1628261344,69942,292,"Photo shared by Binging With Babish on August 06, 2021 tagging @dakoarchitects, @hutsnyc, and @bedandbabish. May be an image of furniture and outdoors.",
238,bingingwithbabish,CSMcHuILzwH,1628170030,27023,114,"Photo by Binging With Babish on August 05, 2021. May be an image of 1 person, beard, food and indoor.",
239,bingingwithbabish,CSHRxDGLt0_,1627996830,25887,77,"Photo shared by Binging With Babish on August 03, 2021 tagging @thesimpsons. May be an image of food and indoor.",
240,junskitchen,CRluarGpgNa,1626871000,15090,83,"Photo by Jun Yoshizuki on July 21, 2021. May be an image of food and indoor.",
241,junskitchen,CPF7mfIpQOX,1621509203,20443,101,"Photo by Jun Yoshizuki on May 20, 2021. May be an image of cat, food and indoor.",
242,junskitchen,CIh-1-WpeSo,1607418042,27214,182,"Photo by Jun Yoshizuki on December 08, 2020. May be an image of Persian cat.",
243,junskitchen,CGhozQnphad,1603111518,20679,142,"Photo by Jun Yoshizuki on October 19, 2020. May be an image of cat.",
244,junskitchen,CDs_vc9puIf,1597050193,16478,121,"Photo by Jun Yoshizuki on August 10, 2020. May be an image of 1 person.",
245,junskitchen,B_vuZhWpQLU,1588551829,25961,340,"Photo by Jun Yoshizuki on May 03, 2020.",
246,junskitchen,B-i7mAYJKdV,1585975056,25445,142,"Photo by Jun Yoshizuki on April 03, 2020.",
247,junskitchen,B3_SD4hJOpJ,1571893974,30363,223,"Photo by Jun Yoshizuki on October 23, 2019.",
248,junskitchen,B1SyJolp3Pa,1566105881,8376,50,"Photo shared by Jun Yoshizuki on August 17, 2019 tagging @sonnietravels.",
249,junskitchen,B1Nvxgyn9H7,1565936863,28808,181,"Photo by Jun Yoshizuki on August 15, 2019.",
250,junskitchen,B1GU_icpjNe,1565687941,31312,168,"Photo by Jun Yoshizuki on August 13, 2019.",
251,junskitchen,Bj-a9GflrRG,1528915409,21599,238,"Photo by Jun Yoshizuki on June 13, 2018.",
252,Ninja,CSpaRERL2lp,1629142137,655108,3437,"Photo by Tyler Blevins on August 16, 2021. May be an image of 1 person, indoor and text that says 'team T'.",
253,Ninja,CSmxzxpnXP4,1629054055,65071,358,,
254,Ninja,CSkePPmgZ1p,1628976466,154101,978,,
255,Ninja,CShkcM1rbZy,1628879035,93668,391,"Photo shared by Tyler Blevins on August 13, 2021 tagging @freeguymovie. May be an image of 1 person, standing, indoor and text that says 'FREE GUY FREE GUY UY FREE GUY FREE FREE GUY FREE GUY GUY FREE FREE FREE GUY REE FREE GUY FREE ""FREE GUY IS THE BEST EVER FREE GUY GUY FREE GUY FREE GUY FREE GUY FREEC FREE GUY GUY FREE GUY MOVIE"" DIGITAL SPY GUY FREE FREE GUY FREE GUY FREE GUY FREE GUY GUY FREE GU FREE GUY FREE GUY EGUY FREE GUY FREE FREE GUY FREE GUY GUY FREE s'.",
256,Ninja,CSfTwlYADbh,1628803181,327059,838,"Photo shared by Tyler Blevins on August 12, 2021 tagging @jessicablevins. May be an image of 1 person, standing and indoor.",
257,Ninja,CSfC5smLHMN,1628794342,66032,1931,"Photo shared by Tyler Blevins on August 12, 2021 tagging @adidasrunning. May be an image of 1 person and footwear.",
258,Ninja,CSepEdtgbxl,1628780877,297292,1252,,
259,Ninja,CScfhwEFkUC,1628708687,92087,362,"Photo shared by Tyler Blevins on August 11, 2021 tagging @adidasrunning. May be an image of 1 person and indoor.",
260,Ninja,CSZ1IQqnaD8,1628619409,189409,556,,
261,Ninja,CSXI_8QFZXl,1628529104,147765,804,,
262,Ninja,CSKMOpDAmID,1628094590,442574,1160,"Photo shared by Tyler Blevins on August 04, 2021 tagging @jessicablevins. May be an image of 3 people, people standing and indoor.",
263,Ninja,CRhlu59gwai,1626732229,89418,380,"Photo shared by Tyler Blevins on July 19, 2021 tagging @gucci, @nadeshot, @100thieves, and @100thievesgaming. May be an image of standing.",
264,markiplier,CQqx96fD8ev,1624893163,881691,40060,,
265,markiplier,CQPESvSpKAe,1623963234,560442,2031,"Photo shared by Markiplier on June 17, 2021 tagging @liotipton. May be an image of one or more people.",
266,markiplier,CQCF_SqgXiw,1623527915,390690,844,"Photo shared by Markiplier on June 12, 2021 tagging @officialfranzd. May be an image of 2 people and indoor.",
267,markiplier,CP3-Q2bg0Id,1623188504,462526,3265,,
268,markiplier,CP3tA-BgpFa,1623179278,699458,5857,"Photo by Markiplier on June 08, 2021. May be an image of 1 person, mountain, nature and tree.",
269,markiplier,CPrAuixJ8Ua,1622753405,506333,2074,"Photo by Markiplier on June 03, 2021. May be an image of 1 person, standing and indoor.",
270,markiplier,CPlQ74Rg9iS,1622560648,309170,1178,,
271,markiplier,CO-uZ-JJEWQ,1621267404,472864,2057,"Photo by Markiplier on May 17, 2021. May be an image of 2 people and text.",
272,markiplier,CO1OW4CgCjA,1620948612,575503,3443,"Photo by Markiplier on May 13, 2021. May be an image of 1 person and indoor.",
273,markiplier,CM5AGVipIss,1616780386,765879,15448,"Photo by Markiplier on March 26, 2021. May be an image of one or more people, dog and outdoors.",
274,markiplier,CLKQrNPANLC,1613065345,338151,2708,,
275,markiplier,CJbfOb4gHNY,1609347661,342802,3276,,
276,SSSniperWolf,CSSaQw_Bqt7,1628370382,422749,2213,"Photo by Lia on August 07, 2021. May be an image of 1 person, standing and indoor.",
277,SSSniperWolf,CSAXvxDh7OO,1627765084,470491,8170,"Photo shared by Lia on July 31, 2021 tagging @balenciaga, and @goat. May be an image of 1 person, footwear and indoor.",
278,SSSniperWolf,CRZVRHOH7Ei,1626455161,494378,3600,"Photo by Lia on July 16, 2021. May be an image of 1 person, standing and outdoors.",
279,SSSniperWolf,CQEngHzDnRj,1623612595,391577,3280,"Photo by Lia on June 13, 2021. May be an image of 1 person, standing and footwear.",
280,SSSniperWolf,CP1J8gkD9ld,1623093782,416271,3306,"Photo shared by Lia on June 07, 2021 tagging @anastasiabeverlyhills, and @norvinacosmetics. May be an image of 1 person, standing and indoor.",
281,SSSniperWolf,CPtdpQbjgSi,1622835675,394558,2621,"Photo by Lia on June 04, 2021. May be an image of 1 person and standing.",
282,SSSniperWolf,CPbSmn-jgPU,1622225906,420024,3332,"Photo shared by Lia on May 28, 2021 tagging @umbrawigs. May be an image of 1 person and standing.",
283,SSSniperWolf,CPGxsCJjYlG,1621537560,517127,3810,"Photo by Lia on May 20, 2021. May be an image of 1 person, standing and outdoors.",
284,SSSniperWolf,COT3KsxDr_Y,1619829157,402762,2595,"Photo by Lia on April 30, 2021. May be an image of 1 person, standing, shorts and outdoors.",
285,SSSniperWolf,CNvak76DWIw,1618606208,607768,6166,"Photo by Lia on April 16, 2021. May be an image of 1 person, body of water and text that says 'iser'.",
286,SSSniperWolf,CL-WqKTjXC5,1614812503,430233,3981,"Photo by Lia on March 03, 2021. May be an image of 1 person, standing, car and road.",
287,SSSniperWolf,CKzqtyrDst-,1612306436,494038,4016,"Photo by Lia on February 02, 2021. May be an image of 1 person and standing.",
288,unboxtherapy,CSzYnxYrgT5,1629476819,46719,224,"Photo by Lewis Hilsenteger on August 20, 2021. May be an image of 1 person, beard, sitting and indoor.",
289,unboxtherapy,CSmJbYvLu3g,1629032645,53710,282,"Photo by Lewis Hilsenteger on August 15, 2021. May be a closeup of 1 person and beard.",
290,unboxtherapy,CSeYZ99r4aI,1628772062,82982,325,"Photo by Lewis Hilsenteger on August 12, 2021. May be an image of phone.",
291,unboxtherapy,CR1VnG9lU-K,1627394866,48874,262,"Photo by Lewis Hilsenteger on July 27, 2021.",
292,unboxtherapy,CRo2VbDFFS8,1626975815,70463,1456,"Photo by Lewis Hilsenteger on July 22, 2021. May be an image of phone.",
293,unboxtherapy,CRoY9ZBl8mt,1626960413,52194,868,"Photo by Lewis Hilsenteger on July 22, 2021.",
294,unboxtherapy,CRjdi_zFX3N,1626795215,10476,50,,
295,unboxtherapy,CRT77d6ljMk,1626274148,15184,230,,
296,unboxtherapy,CRR2nV_lu7z,1626204209,20960,83,"Photo by Lewis Hilsenteger on July 13, 2021. May be an image of indoor.",
297,unboxtherapy,CQs9e6wlO9N,1624966296,27263,101,"Photo shared by Lewis Hilsenteger on June 29, 2021 tagging @nothing.",
298,unboxtherapy,CQlpjbLLPK6,1624720967,51996,112,"Photo shared by Lewis Hilsenteger on June 26, 2021 tagging @petermckinnon. May be an image of 2 people and car.",
299,unboxtherapy,CQbf9gQF7zG,1624380393,14189,108,"Photo by Lewis Hilsenteger on June 22, 2021. May be an image of 1 person.",
300,MKBHD,CSzScUxrpDR,1629473579,77601,222,"Photo by Marques Brownlee on August 20, 2021. May be an image of 1 person, phone, screen and text.",
301,MKBHD,CSsQVRKrvki,1629237592,158240,1134,"Photo by Marques Brownlee on August 17, 2021. May be an image of text that says 'Goldman Sachs „ÅÆ mastercard Goldman Sachs O mastercard mastercard F utne W00'.",
302,MKBHD,CShLTaZL-jn,1628865856,130474,539,"Photo by Marques Brownlee on August 13, 2021. May be an image of phone and screen.",
303,MKBHD,CSb9lZsLY8Z,1628690891,196222,586,"Photo by Marques Brownlee on August 11, 2021. May be an image of phone and text that says '10 12 Mon, August 9 94%'.",
304,MKBHD,CSb9iX5LFgx,1628690867,165224,590,"Photo by Marques Brownlee on August 11, 2021. May be an image of saddle-stitched leather and purse.",
305,MKBHD,CSZSmazL9k-,1628601247,115548,388,"Photo by Marques Brownlee on August 10, 2021. May be an image of 1 person and indoor.",
306,MKBHD,CSFaqJ8r-nV,1627934383,157525,654,"Photo by Marques Brownlee on August 02, 2021. May be an image of car.",
307,MKBHD,CSE_lPKr744,1627920187,186607,1512,"Photo by Marques Brownlee on August 02, 2021. May be an image of phone.",
308,MKBHD,CR9DIJCrauB,1627653610,211376,909,"Photo by Marques Brownlee on July 30, 2021. May be an image of car and road.",
309,MKBHD,CR12CS2rQOo,1627411865,426602,6849,"Photo by Marques Brownlee on July 27, 2021. May be a Twitter screenshot of 1 person and text that says 'Marques Brownlee @MKBHD .1d Today seems like a great day to launch a new channel 605 559 32K OnlyFans @OnlyFans 17h 153 527 17.8K Marques Brownlee @MKBHD Replying to @OnlyFans RELAX 9:36 PM 26 Jul 21 Twitter for Android View Tweet activity'.",
310,MKBHD,CRyxggTLWwM,1627308828,185133,789,"Photo by Marques Brownlee on July 26, 2021. May be an image of text that says 'DOPE'.",
311,MKBHD,CRrZETqlB5r,1627061408,85390,629,,
312,kayla_itsines,CS2ZRUrBOUX,1629577835,5044,47,,
313,kayla_itsines,CS1Uq-fhzig,1629541857,20186,108,"Photo by KAYLA ITSINES on August 21, 2021. May be an image of 1 person and indoor.",
314,kayla_itsines,CSz0fZ7hkoP,1629491430,143134,654,"Photo by KAYLA ITSINES on August 20, 2021. May be an image of 1 person, child and standing.",
315,kayla_itsines,CSyvyklLNIL,1629455430,8997,70,,
316,kayla_itsines,CSxPtLIjXNf,1629405161,4977,46,,
317,kayla_itsines,CSwK4aOFeJM,1629368952,19432,119,"Photo by KAYLA ITSINES on August 19, 2021. May be an image of fruit.",
318,kayla_itsines,CSuq9F6hZZA,1629318658,11690,63,,
319,kayla_itsines,CStmLf4Bla_,1629282613,17331,136,,
320,kayla_itsines,CSsGJBWLJx8,1629232248,14706,79,"Photo by KAYLA ITSINES on August 17, 2021. May be an image of text that says 'Being fit, healthy, it's only part of the story. Training isn't just about building a strong body, it's about giving you self self-worth a workout.'.",
321,kayla_itsines,CSrCEqPhQad,1629196575,6861,56,,
322,kayla_itsines,CSphIlNBLiD,1629145858,8713,108,,
323,kayla_itsines,CSow7KOhIMY,1629120462,20971,276,,
324,michelle_lewin,CSuVqtKrnvs,1629307498,81011,494,,
325,michelle_lewin,CSR40Dlrr7t,1628352846,202786,1178,"Photo by Michelle Lewin on August 07, 2021. May be an image of 1 person.",
326,michelle_lewin,CSFUd-9gwrn,1627931270,88296,646,,
327,michelle_lewin,CRpGu4fr-RP,1626984412,234516,2746,"Photo shared by Michelle Lewin on July 22, 2021 tagging @jimmy_lewin, and @one0one_fashion. May be an image of 1 person and body of water.",
328,michelle_lewin,CRhHCAcg_VR,1626716357,62004,593,,
329,michelle_lewin,CReftAKrbcq,1626628405,221009,1331,"Photo by Michelle Lewin in North Miami Beach, Florida with @one0one_fashion. May be an image of 1 person and outdoors.",
330,michelle_lewin,CRW2PJErJJU,1626371783,29400,307,,
331,michelle_lewin,CQ_t7msIxuj,1625595960,18730,185,,
332,michelle_lewin,CQy5LZzLhnz,1625165366,171806,1613,"Photo by Michelle Lewin in North Miami Beach, Florida with @one0one_fashion. May be an image of 1 person.",
333,michelle_lewin,CQrFiXeAVyA,1624903541,40695,345,,
334,michelle_lewin,CQbyVXHANKJ,1624390142,155045,1235,,
335,michelle_lewin,CQWcxHSLSJp,1624210946,281772,1654,"Photo shared by Michelle Lewin on June 20, 2021 tagging @jimmy_lewin, and @one0one_fashion. May be an image of 1 person and standing.",
336,simeonpanda,CSwxHifFtHi,1629388998,68833,325,"Photo by SIMEONPANDA.COM in Gold's Gym with @waitwhatdelb, @goldsgym, and @boohoomanactive. May be an image of 1 person, biceps and beard.",
337,simeonpanda,CSupsEuBrYv,1629317995,69440,298,"Photo by SIMEONPANDA.COM on August 18, 2021. May be an image of 1 person and wrist watch.",
338,simeonpanda,CStRfWVLLrL,1629271753,46028,198,"Photo shared by SIMEONPANDA.COM on August 18, 2021 tagging @boohoomanactive. May be an image of 1 person, biceps, standing and text that says 'MAN'.",
339,simeonpanda,CSh0AVAB-8b,1628887281,34811,174,,
340,simeonpanda,CShPKv4HdkD,1628867882,44592,153,"Photo by SIMEONPANDA.COM in Madhouse Gains Asylum with @innosupps. May be an image of 1 person, biceps and indoor.",
341,simeonpanda,CSelagDH1cX,1628778883,139921,422,"Photo shared by SIMEONPANDA.COM on August 12, 2021 tagging @boohoo, @chanelcocobrown, and @boohoomanactive. May be an image of 2 people and people standing.",
342,simeonpanda,CScLJ5-Akw1,1628698062,79362,335,,
343,simeonpanda,CSZ8acRJ4jt,1628623169,78662,321,"Photo by SIMEONPANDA.COM in Gold's Gym with @alenkajtezovic, @goldsgym, @boohoomanofficial, and @boohoomanactive. May be an image of 1 person and biceps.",
344,simeonpanda,CSZZfp2Hs0r,1628604861,26263,117,,
345,simeonpanda,CSYTSCEgCC7,1628568165,23835,127,,
346,simeonpanda,CSW4jvynJ3N,1628520524,33932,171,,
347,simeonpanda,CSWB2CUrFo2,1628491798,51417,206,"Photo by SIMEONPANDA.COM on August 08, 2021. May be an image of 1 person, biceps, standing and indoor.",
348,blogilates,CS1-DKWgPX4,1629563814,38405,136,,
349,blogilates,CSxz6GTFNa8,1629424016,143620,2930,"Photo shared by Cassey Ho on August 19, 2021 tagging @target, @targetdoesitagain, @target_junkie, @targetgems, @targetactually, @targetiseverything, @targettrendsetter, and @targetovereverything. May be an image of 1 person, standing, ball and outdoors.",
350,blogilates,CSuRl9SA_X2,1629305711,31609,156,,
351,blogilates,CStUvY0L3D8,1629273457,152666,665,"Photo shared by Cassey Ho on August 18, 2021 tagging @allsaints, @stevemadden, @iskra, @innout, and @designerdaddy_. May be an image of 1 person, standing and indoor.",
352,blogilates,CSq3miELjoY,1629191071,221540,3463,"Photo shared by Cassey Ho on August 17, 2021 tagging @makeupbyapollo, @simuliu, @marvel, @disney, @designerdaddy_, @tiktok, @tiktokcreators, and @shangchi. May be an image of 1 person, standing and text that says 'MARVEL STUDIOS SHANG-CHI THE LEGEND OF THE EN E RINGS WORLD PRL ERE'.",
353,blogilates,CSo4DzXHCZB,1629125142,46491,750,,
354,blogilates,CSnDpY3BTub,1629063169,74972,8752,"Photo shared by Cassey Ho on August 15, 2021 tagging @urbanoutfitters, @donaldjpliner, @sam_edelman, and @infinityraineclothing. May be an image of 3 people and people standing.",
355,blogilates,CSkYqTxh3-Q,1628973523,107692,1075,"Photo by Cassey Ho on August 14, 2021. May be an image of 2 people, people standing and text that says 'Working hard Also working hard and accepting the cards I was dealt. but fighting the cards was dealt.'.",
356,blogilates,CSf6E6dHm61,1628825060,54184,293,,
357,blogilates,CSdE1nsA6eP,1628728901,52050,690,,
358,blogilates,CSaPsn_BhTH,1628633556,57025,505,,
359,blogilates,CSYKQaonc7M,1628563318,57455,575,"Photo shared by Cassey Ho on August 09, 2021 tagging @popflex_active. May be an image of 1 person and indoor.",
360,whatsupmoms,CSpBO3_F5sQ,1629129012,461,3,"Photo by What's Up Moms on August 16, 2021. May be an image of 1 person, child, standing, eyeglasses and text that says 'Surviving the Transition From Summer to School'.",
361,whatsupmoms,CSkvkfmA9zg,1628985534,1152,8,"Photo by What's Up Moms on August 14, 2021. May be an image of 2 people, child and indoor.",
362,whatsupmoms,CSKrajahV12,1628110940,458,5,"Photo by What's Up Moms on August 04, 2021.",
363,whatsupmoms,CSHpmjOl8Ch,1628009326,752,45,"Photo by What's Up Moms on August 03, 2021. May be an image of 1 person, child and text that says 'So Now We Have a Couch of Bad News, How's Your Year Going?'.",
364,whatsupmoms,CR4BCrkgJku,1627484745,376,12,"Photo shared by What's Up Moms on July 28, 2021 tagging @tobyfels. May be an image of book.",
365,whatsupmoms,CRzSwYMgZzy,1627326260,906,8,"Photo by What's Up Moms on July 26, 2021. May be an image of food and indoor.",
366,whatsupmoms,CRofTDZDHXt,1626963736,1845,19,"Photo by What's Up Moms on July 22, 2021. May be an image of 2 people and text that says 'MOM HACKS summer'.",
367,whatsupmoms,CRjkwljgVrF,1626798828,480,9,"Photo by What's Up Moms on July 20, 2021. May be an image of child, outdoors and text that says 'Family Beach Guide: Sanity-Saving Gear + Tips'.",
368,whatsupmoms,CRRyiH5AaMg,1626202069,482,14,"Photo by What's Up Moms in Los Angeles, California. May be an image of 3 people and screen.",
369,whatsupmoms,CREx8c2AUqI,1625765553,958,24,"Photo by What's Up Moms on July 08, 2021. May be an image of 1 person, child, flower, grass and text that says 'One Mom's R.qust: Don't Tickle My Kid'.",
370,whatsupmoms,CQoZNqggaiU,1624813063,689,7,"Photo by What's Up Moms on June 27, 2021. May be an image of 2 people, child and text that says 'MOM HACKS'.",
371,whatsupmoms,CQl0AwzAxFt,1624726450,889,5,"Photo by What's Up Moms on June 26, 2021. May be an image of 2 people, people sitting, sleepwear and indoor.",
372,amberfillerup,CSzxTJtp0Pb,1629489845,26075,670,,
373,amberfillerup,CSuSkn9Fa1E,1629305875,20496,142,"Photo shared by AMBER FILLERUP CLARK on August 18, 2021 tagging @converse, and @steele__. May be an image of 1 person, standing and indoor.",
374,amberfillerup,CSnV4VNpUeJ,1629072728,28400,82,"Photo by AMBER FILLERUP CLARK on August 15, 2021. May be an image of baby, sitting and outdoors.",
375,amberfillerup,CSnSKKEpocV,1629070777,14914,63,"Photo by AMBER FILLERUP CLARK on August 15, 2021. May be an image of cat and indoor.",
376,amberfillerup,CSfBjJtp8Hk,1628793633,8507,56,"Photo shared by AMBER FILLERUP CLARK on August 12, 2021 tagging @sephora, @sephoracanada, and @daehair.",
377,amberfillerup,CSaHsMFhzDm,1628629081,23441,74,"Photo by AMBER FILLERUP CLARK on August 10, 2021. May be an image of 1 person, child and outdoors.",
378,amberfillerup,CSZm--ql1rR,1628611977,20393,90,,
379,amberfillerup,CSXAwRSFH2L,1628524854,7441,92,,
380,amberfillerup,CSVHwaJp-RV,1628461343,27523,115,"Photo shared by AMBER FILLERUP CLARK on August 08, 2021 tagging @shopplainjane, and @heyrowan. May be a closeup of 1 person and child.",
381,amberfillerup,CSUuKo2pvYO,1628447934,29184,128,,
382,amberfillerup,CSKYVG5JMeV,1628101150,9162,101,,
383,amberfillerup,CSIPUKGJQG9,1628029099,47740,346,"Photo by AMBER FILLERUP CLARK on August 03, 2021. May be an image of 1 person, child and indoor.",
384,glowmaven,CSrNAY9nfM7,1629202340,207,12,,
385,glowmaven,CSpP7wWna6m,1629136719,82,5,"Photo by Latham Thomas on August 16, 2021. May be an image of 4 people and text that says 'M MAMA GLOW W E √ê A Sada K, Dr. Amna Husain, Dairian Roberts OTR/L & IBCLC, & Kim Chappell Navigating Infant Feeding WEDNESDAY 08.18.21 6:30-8:00 PM ET PRESENTED BY bobbie‚Ñ¢ Sada K. Singer Writer, Mother @sadakmusic Dr. Amna Husain Pediatrician Lactati Consu Itant @dr.amnahusain Dairian Roberts Kim Chappell (OTR/L) VP Marketing Bobbi @kimchappy International Lactation Consul Consultan(IBCLC) @humbledbymotherhood REGISTER NOW: mamaglo com #BrestfeedingAwarenessMonth'.",
386,glowmaven,CSmMWhunPDq,1629035439,3290,113,,
387,glowmaven,CSjmMfTH3pE,1628947064,565,12,"Photo shared by Latham Thomas on August 14, 2021 tagging @gottesss. May be an image of 1 person and text that says 'MOONBEAMING LATHAM THOMAS 3 MAS with your host SARAH FAITH GOTTESDIENER episode 37'.",
388,glowmaven,CSNADXJHJTN,1628188869,3037,62,"Photo by Latham Thomas on August 05, 2021. May be an image of 2 people, child and indoor.",
389,glowmaven,CRo5CFsHTVY,1626977242,141,13,,
390,glowmaven,CRjgcXOHIQG,1626796565,679,24,"Photo shared by Latham Thomas on July 20, 2021 tagging @fulanosworld. May be a black-and-white image of 2 people, child and people standing.",
391,glowmaven,CRglD4FHrbJ,1626698322,140,13,"Photo by Latham Thomas in Online with @karmatudor, @carolsdaughter, @mamaglow, @crimson_fig, and @drbennettmfm. May be an image of 2 people and text that says 'M MAMA GLOW WEBINA R Racha Tahani Lawler, Ebonie Karma Tudor, Terri-Ann Bennett, MD, & Latham Thomas Exploring Your Birth Options WEDNESDAY 07.21.21 6:30-8:00 ET PRESENTED BY Carols Daughter Racha Tahani Lawler Certified rofessional Midwife @Crimson_Fig Ebonie Karma Tudor Certified Doula @KarmaTudor Terri-Ann Bennett, MD Clinical Prof, OB/Gyn @DrBennettMFM Latham Thomas Founder, Mama Glow @GlowMaven REGISTER NOW: mamaglow.com'.",
392,glowmaven,CRX1DL_nDfZ,1626404715,1472,32,"Photo shared by Latham Thomas on July 15, 2021 tagging @jessicaalba, and @loveshackfancy. May be an image of 2 people, people standing and indoor.",
393,glowmaven,CRSZC5UgCil,1626222261,1700,111,"Photo shared by Latham Thomas on July 13, 2021 tagging @fulanosworld. May be an image of 1 person, standing and brick wall.",
394,glowmaven,CRO8FP3nfQS,1626106413,6272,437,"Photo by Latham Thomas on July 12, 2021. May be an image of one or more people.",
395,glowmaven,CRAf9winObh,1625621909,822,53,"Photo shared by Latham Thomas on July 06, 2021 tagging @nycgoblin, and @nikewomen. May be an image of 1 person, footwear and text that says 'Ni(M) sound Conversations for Black Moms-to-Be'.",
396,realmomnutrition,CSomfhkrZNa,1629114992,78,1,"Photo shared by Sally/Real Mom Nutrition on August 16, 2021 tagging @lunchbots, @planetbox, @healthy.family.project, and @bentgo. May be an image of indoor.",
397,realmomnutrition,CSfJWV8NCNM,1628797723,431,19,"Photo shared by Sally/Real Mom Nutrition on August 12, 2021 tagging @lunchbots. May be an image of fruit.",
398,realmomnutrition,CR4VskVNYrp,1627495574,211,6,"Photo by Sally/Real Mom Nutrition on July 28, 2021. May be an image of 1 person and indoor.",
399,realmomnutrition,CRzF1JwtRvj,1627319483,179,11,"Photo by Sally/Real Mom Nutrition on July 26, 2021. May be an image of drink and text that says 'Is Sparkling Water Okay For Kids? Is it healthy? SPARKLING GAT WATE LIME NATURALLY ESSENCED Is it bad for teeth? Is it hydrating? Is it bad for bones? roix 12F.00 -M= INNOCENT! kc SODIUM GET THE FACTS! Real Mom Nutrition'.",
400,realmomnutrition,CRg7rfctYTN,1626710181,29,2,"Photo by Sally/Real Mom Nutrition on July 19, 2021. May be an image of text that says 'REAL MOM NUTRITION READER MEET-UP! T-UP September 19 2021 Columbus, Ohio'.",
401,realmomnutrition,CRM5S0Htx2U,1626037842,201,9,"Photo by Sally/Real Mom Nutrition on July 11, 2021. May be an image of food and text that says 'Veggie nuggets shredded carrots broccoli egg breadcrumbs garlic shredded cheese spices REAL MOM NUTRITION no-judgement zone for eeding your family'.",
402,realmomnutrition,CPtHY_mNe5S,1622824007,269,9,"Photo by Sally/Real Mom Nutrition on June 04, 2021. May be an image of drink.",
403,realmomnutrition,COidqZ7tI1Y,1620319102,828,36,"Photo by Sally/Real Mom Nutrition on May 06, 2021. May be an image of one or more people and indoor.",
404,realmomnutrition,COQiD8hNC1l,1619717428,427,17,"Photo by Sally/Real Mom Nutrition on April 29, 2021. May be an image of 1 person and text that says 'Real Mom Nutrition Posted by Sally Kuzemchak 29 mins My 12 year old, giving me a hug, yesterday evening: ""Thank you for making dinner, even though didn't really like it."" Alright kid, I'll take it.'.",
405,realmomnutrition,CN7vcgML7mY,1619019802,100,15,"Photo by Sally/Real Mom Nutrition on April 21, 2021. May be an image of coconut and text.",
406,realmomnutrition,CNnXhs7rABK,1618336173,251,9,"Photo by Sally/Real Mom Nutrition on April 13, 2021. May be an image of food and indoor.",
407,realmomnutrition,CNgD9GhrZEt,1618091031,343,63,"Photo by Sally/Real Mom Nutrition on April 10, 2021. May be an image of dog.",
408,techsavvymama,CSwqY4GLhfF,1629385470,50,3,Traffic waiting to cross washed out bridge in Southern Haiti,
409,techsavvymama,CSuDmBtL_AJ,1629298022,45,10,Photo by Leticia Barr (she/her) in Haiti. May be an image of text that says 'HATT LATEST POST 4 WAYS TO HELP PROVIDE EARTHQUAKE RELIEF FOR HAITI'.,
410,techsavvymama,CSrSbp9rqDk,1629205138,95,23,Woman holding personal record brag board after 500 meter Orange Theory benchmark,
411,techsavvymama,CSmdPVtLdKo,1629043032,32,0,Newspaper and literary magazine on a table with flowers,
412,techsavvymama,CSj0IDmLrRn,1628954368,147,30,Haiti earthquake breaking news,
413,techsavvymama,CShGPKErVkz,1628863200,51,6,Teacher in sunglasses in front of school with school bus,
414,techsavvymama,CSb8kBYLmuT,1628690356,236,51,"Photo by Leticia Barr (she/her) on August 11, 2021. May be an image of 2 people and outdoors.",
415,techsavvymama,CSWuVcGrwOT,1628515124,135,36,"Photo by Leticia Barr (she/her) in Cambridge, Maryland. May be an image of tree and outdoors.",
416,techsavvymama,CSS42Tsr-Ht,1628386419,89,15,Beer with a menu at an outside table,
417,techsavvymama,CSO-IoFLCCi,1628254972,128,32,Reflection of woman in pink gown at doctors office,
418,techsavvymama,CSKA1ZRLCPB,1628088616,82,15,"Photo shared by Leticia Barr (she/her) on August 04, 2021 tagging @toyotausa. May be an image of 1 person and dog.",
419,techsavvymama,CR6dUWurQsM,1627566678,81,11,Group of of people in front of Cinderella's castle and Walt Disney World Magic Kingdom,
420,chrisburkard,CSx0tetlLJy,1629424437,77603,679,"Photo by ChrisBurkard in Arctic with @danedamus. May be an image of nature, ocean and water.",
421,chrisburkard,CSvwT8HL2oS,1629355021,64109,279,"Photo by ChrisBurkard on August 18, 2021. May be an image of fire and nature.",
422,chrisburkard,CSo52O5Bb7z,1629125140,54614,301,"Photo by ChrisBurkard in Iceland. May be an image of ocean, twilight, beach, coast and nature.",
423,chrisburkard,CSgA2HUFuhQ,1628827264,42157,301,,
424,chrisburkard,CSa0RX0Ld_5,1628652454,63004,417,"Photo by ChrisBurkard in Iceland. May be an image of nature, twilight, beach, ocean and coast.",
425,chrisburkard,CSXeS5ThTZW,1628540269,35017,190,Photo by ChrisBurkard in Iceland. May be an image of mountain and nature.,
426,chrisburkard,CSVBdAChkl8,1628458039,62453,262,"Photo shared by ChrisBurkard on August 08, 2021 tagging @beccaspeak, and @luanasilva__. May be an image of nature.",
427,chrisburkard,CSN0PatFdab,1628216231,68419,349,Photo by ChrisBurkard in Iceland. May be an image of nature and snow.,
428,chrisburkard,CSKoyY5hcRL,1628110470,19736,198,,
429,chrisburkard,CSH8aV4Bf9M,1628019221,10195,89,,
430,chrisburkard,CR9aUfFFRFG,1627665770,101638,617,"Photo by ChrisBurkard on July 30, 2021. May be an image of cloud and nature.",
431,chrisburkard,CR7OA70Fo30,1627592209,46782,205,"Photo by ChrisBurkard on July 29, 2021. May be an image of nature.",
432,wil_dasovich,CSlTkvSpCx6,1629004736,7672,97,,
433,wil_dasovich,CSa_mzJFjx9,1628658397,15767,115,"Photo shared by Wil Dasovich on August 10, 2021 tagging @citygardengrandhotel, @tsongandtsonggo, and @kidoriman_lifestyle. May be an image of 1 person, standing and indoor.",
434,wil_dasovich,CSYkTiglEZ4,1628576975,6845,73,"Photo by Wil Dasovich in City Garden Grand Hotel. May be an image of 1 person, drink and outdoors.",
435,wil_dasovich,CSVwaFCFRJG,1628482656,33313,88,"Photo shared by Wil Dasovich on August 08, 2021 tagging @solenn, @nicobolzico, and @aiaphilippines. May be an image of 4 people, child, people standing and outdoors.",
436,wil_dasovich,CSLK8PWF_nr,1628127469,31541,371,"Photo shared by Wil Dasovich on August 04, 2021 tagging @charrydasovich, and @tilidahli. May be an image of 2 people, child, people standing and indoor.",
437,wil_dasovich,CSJWwjsF3Y3,1628066556,6090,31,"Photo shared by Wil Dasovich on August 04, 2021 tagging @rodemic, @dylanefron, and @tsongandtsonggo. May be an image of 1 person, standing and outdoors.",
438,wil_dasovich,CSDh0GLFQ5r,1627871025,13735,535,"Photo by Wil Dasovich in Sintra, Portugal with @cuts. May be an image of 1 person, standing, outdoors and castle.",
439,wil_dasovich,CR-Y-sKHGXp,1627698621,15412,90,"Photo shared by Wil Dasovich on July 30, 2021 tagging @charrydasovich, and @rlc_residences. May be an image of 2 people, child, people sitting and indoor.",
440,wil_dasovich,CR8ELSOLckC,1627620606,33872,410,"Photo shared by Wil Dasovich on July 29, 2021 tagging @cuts, and @antoniodorey. May be an image of 1 person, standing and outdoors.",
441,wil_dasovich,CR5iJlQMvnG,1627535657,25831,165,"Photo by Wil Dasovich in Sintra, Portugal with @haleytakesontheworld, @charrydasovich, @cuts, and @pudragis. May be an image of 4 people, people standing and outdoors.",
442,wil_dasovich,CR28ZsOsLe9,1627448757,15186,134,"Photo by Wil Dasovich on July 27, 2021. May be an image of 1 person, standing, monument, outdoors and castle.",
443,wil_dasovich,CRv74XSAA15,1627213729,5708,74,,
444,thebucketlistfamily,CSso0-xHek-,1629250612,129776,1114,,
445,thebucketlistfamily,CSkgTjQhBw4,1628977531,235593,1341,"Photo shared by The Bucket List Family on August 14, 2021 tagging @thebucketlistfamily. May be an image of 1 person, child, standing and outdoors.",
446,thebucketlistfamily,CScGL5WF8gx,1628695401,252085,3072,"Photo shared by The Bucket List Family on August 11, 2021 tagging @thebucketlistfamily, and @caligee. May be an image of 2 people, child, people standing and outdoors.",
447,thebucketlistfamily,CSW1MKpHCwx,1628518718,134393,1018,"Photo by The Bucket List Family in Camp Amalinda, Matopo Hills with @garrettgee, @jessgee, @dorothygee, @manillagee, @theamalindasafaricollection, @thebucketlistfamily, @amalinda_lodge, @caligee, and @thebucketliststudios. May be an image of nature.",
448,thebucketlistfamily,CSCKNA4nl1V,1627825127,97297,794,,
449,thebucketlistfamily,CSAa53fgWOu,1627766904,32175,233,,
450,thebucketlistfamily,CRzfVN6jHJ7,1627333212,74837,443,,
451,thebucketlistfamily,CRtZmb3jLcP,1627128729,76495,476,,
452,thebucketlistfamily,CRmUi4qDdMa,1626891305,112000,953,,
453,thebucketlistfamily,CRVUmBSDsPG,1626320694,100435,517,,
454,thebucketlistfamily,CRPFLg-jrCI,1626111182,117213,405,"Photo shared by The Bucket List Family on July 12, 2021 tagging @garrettgee, @jessgee, @dorothygee, @manillagee, @thebucketlistfamily, @matetsivictoriafalls, and @caligee. May be an image of 5 people, people standing and outdoors.",
455,thebucketlistfamily,CRHWOGgjKpi,1625851702,123463,1152,,
456,izkiz,CSCjaM-Kaha,1627838373,5976,163,,
457,izkiz,CR1sYT9JHRK,1627406803,6508,165,"Photo by Jennifer Tuffen in Paris, France with @izkiz, and @izkizapp. May be an image of outdoors.",
458,izkiz,CRt9ygpqmeM,1627147539,5661,155,,
459,izkiz,CRo3XTKp2p9,1626976354,6401,164,"Photo shared by Jennifer Tuffen on July 22, 2021 tagging @izkiz, and @izkizapp. May be an image of one or more people and outdoors.",
460,izkiz,CRb1il1qmDr,1626539240,8857,205,,
461,izkiz,CRJ47iUJxzF,1625936988,14232,272,"Photo shared by Jennifer Tuffen on July 10, 2021 tagging @izkiz, and @izkizapp. May be an image of 1 person, flower and outdoors.",
462,izkiz,CQWY0qmpeUn,1624208878,5519,212,"Photo by Jennifer Tuffen in West Wittering Beach with @izkiz, and @izkizapp. May be an image of one or more people, people sitting and outdoors.",
463,izkiz,CQEP6DRJ0um,1623600224,8540,379,"Photo shared by Jennifer Tuffen on June 13, 2021 tagging @visitsaudi. May be an image of one or more people, people standing and outdoors.",
464,izkiz,CQBxgnIJopV,1623517178,8316,229,"Photo shared by Jennifer Tuffen on June 12, 2021 tagging @izkiz, and @izkizapp. May be an image of outdoors.",
465,izkiz,CPdkeqZpRNC,1622302387,5611,222,"Photo by Jennifer Tuffen in Sussex, England with @izkiz, and @izkizapp. May be an image of 1 person, flower and outdoors.",
466,izkiz,COLYLa8pW-H,1619544474,11917,244,"Photo by Jennifer Tuffen in Santorini with @izkiz, and @izkizapp. May be an image of body of water.",
467,izkiz,CODdrZCJJHn,1619278922,12428,180,"Photo shared by Jennifer Tuffen on April 24, 2021 tagging @izkizapp. May be an image of fruit.",
468,thrivewithco,CSrlyHIFANz,1629215292,12,4,"Photo by CO‚Äî by USCC on August 17, 2021. May be an image of 1 person.",
469,thrivewithco,CSe1gzin-gV,1628787340,15,7,"Photo shared by CO‚Äî by USCC on August 12, 2021 tagging @curecrate. May be an image of 1 person, standing, outdoors and text that says 'all'.",
470,thrivewithco,CScGnErNssP,1628695634,9,1,"Photo by CO‚Äî by USCC on August 11, 2021. May be an image of one or more people and text that says '""A vaccinated workforce is a safer workforce."" -Tom West, deputy assistant secretary, U.S. Treasury Department's Office of Tax Policy CO-'.",
471,thrivewithco,CSW4TLVLexL,1628520367,13,3,"Photo shared by CO‚Äî by USCC on August 09, 2021 tagging @treasurydept, and @sbagov. May be an image of text that says 'SMALL BUSINESS UPDATE August 9,2021, Ipm ET'.",
472,thrivewithco,CSMqiTureBz,1628177598,11,3,"Photo shared by CO‚Äî by USCC on August 05, 2021 tagging @mm_doggieretreat. May be an image of 1 person, dog and outdoors.",
473,thrivewithco,CSJ3HBKtV3h,1628083530,7,1,"Photo by CO‚Äî by USCC on August 04, 2021. May be an image of text that says 'Small Business News Many employers (and self-employed individuals) will now be able to claim tax credits for wages paid to employees who take time off to accompany or care for family members who get vaccinated. cO-'.",
474,thrivewithco,CSHlh6VLQ22,1628007207,10,2,"Photo shared by CO‚Äî by USCC on August 03, 2021 tagging @linadarrisaw, @csuitecoach, @libbylivingcolorfully, @thezensucculent, and @rhoback. May be an image of text that says '¬ª CO by U.S. CHAMBER OF COMMERCE ROADMAP for REBUILDING Perfecting Your Social Media Strategy 08.05 12PM ET RSVP NOW'.",
475,thrivewithco,CR9LIYCrPZt,1627657816,15,2,"Photo shared by CO‚Äî by USCC on July 30, 2021 tagging @cheerscreative, and @digitalcoachesprogram. May be an image of 1 person, standing and outdoors.",
476,thrivewithco,CR7P4Xxgy99,1627593199,9,4,"Photo shared by CO‚Äî by USCC on July 29, 2021 tagging @gothamgreens, @brightfarms, @aerofarms, @boweryfarming, and @localbounti.official. May be an image of 1 person and tomato.",
477,thrivewithco,CR1ZptKNLlR,1627396999,9,3,"Photo shared by CO‚Äî by USCC on July 27, 2021 tagging @aptive_resources. May be a closeup of 1 person.",
478,thrivewithco,CRonaH9NfBc,1626967999,15,6,"Photo by CO‚Äî by USCC on July 22, 2021. May be an image of text that says 'Small Business News New grant competition supports entrepreneurship among minority university and college students cO-'.",
479,thrivewithco,CRkPfKpsgEE,1626821244,17,4,"Photo shared by CO‚Äî by USCC on July 20, 2021 tagging @southlacafe. May be an image of 2 people and text.",
