,account,bio,followers,following,posts
0,shmee150,"YouTuber - Living the Supercar Dream
Own some cars @theshmeemobiles @theshmuseum",1581500,2857,10552
1,diwd_official,"Imagine a mechanic, but like the opposite of that. 
""If you're gunna be dumb, you gotta be tough""",322747,1846,4163
2,thatdudeinblue,"Iâ€™m here for the smiles per gallon 
+ For you: @pattersoncarcareğŸ”¹
+ New content â¤µï¸",263927,1087,3410
3,thesmokingtire,"I make The Smoking Tire. But youâ€™re also gonna see cats, watches, and food. You've been warned.",291290,1116,5956
4,hudabeauty,"Makeup Artist & Blogger @huda 
Founder of @wishfulskin 
Products are tested on Huda, NOT animals ğŸ¾
WILD OBSESSIONSğŸ now availableğŸ‘‡ğŸ¾",49193547,889,1536
5,jamescharles,"Blend, but donâ€™t blend in. ğŸ¨ğŸ’
âœ‰ï¸ business@spinandco.com",25090038,259,1001
6,rclbeauty101,@rclocosmetics,3454095,175,1411
7,glamlifeguru,"Dual CEO | Tati Beauty + Halo Beauty
ğŸ¤— 9 Million On YouTube! 
âœ¨ Twitter: GlamLifeGuru
ğŸ¥ SKINCARE OBSESSIONS",2272987,320,1275
8,Jaclynhill,@jaclynhillcosmetics,6661077,510,1603
9,garyvee,"âœˆï¸ CEO of @vaynermedia & @vaynersports 
ğŸ”® Early Investor Coinbase,Venmo, Twitter
â˜ï¸ Text me 1-212-931-5731
ğŸˆâ€â¬› Creator of @veefriends",9166019,5615,6962
10,grantcardone,"Star of Undercover Billionaire ğŸ’µ 
CEO @CardoneCapital $2.5B AUM
ğŸ‘‡Download a FREE Business PlanğŸ‘‡",3396191,2444,6566
11,thesharkdaymond,"The Peopleâ€™s Shark ğŸ¦ˆ
CEO @thesharkgroup & @fubu Founder",1307414,970,5665
12,chiaraferragni,Leo and Vittoâ€™s mama and digital entrepreneur Boss baby. Founder @chiaraferragnibrand ğŸ™ğŸ» WATCH MY DOC @chiaraferragniunposted ON PRIME VIDEO ğŸ¬,24627104,1411,14939
13,oliviapalermo,"Founder & CCO of the Olivia Palermo Group; Founder of @OliviaPalermoBeautyâ£â£
â£
@dressforsuccess Impact Ambassadorâ£",6664720,417,1744
14,marianodivaio,"If God is with me, whom shall I fear?
Italian Designer.",6407298,310,7864
15,teachingmensfashion,"Married to @karlaaazuniga_ 
Husband. Father. Entrepreneur.
@_esntls @jadeblack.co @he_grooming @manscaped @santaluciafragrance",1451774,137,1050
16,evelina,"Owner & designer @imprevubrand 
Mgmt: evelina@addition-llc.com
ğŸ”»My brand IMPRÃ‰VUğŸ”»",522053,412,2802
17,jamieoliver,"Chef & Dad
Recipe links, book links & more right here ğŸ‘‡",8685926,2550,8640
18,rosannapansino,"YouTuber, Baker, NYTâ€™s Best Selling Author, Host of 'Baketopia' on HBO Max! 
Watch New Video!ğŸ‘‡ğŸ¼",4353599,268,3126
19,bingingwithbabish,Jiggly SoufflÃ© Omelette,1084802,419,958
20,junskitchen,,161905,51,103
21,Ninja,ğŸ”¥ NEW MERCH IS LIVE ğŸ”¥ business@teamninja.com,13759895,263,1155
22,markiplier,,9086425,75,1071
23,SSSniperWolf,I like food & anime,5253242,472,1565
24,unboxtherapy,Where products get naked.,2218182,135,3418
25,MKBHD,I promise I won't overdo the filters.,3053185,423,1675
26,kayla_itsines,"ğŸ’§ @SWEAT Co-Founder
MY PROGRAMS
ğŸ”¥High Intensity 
ğŸŒŸHIIT Cardio & Abs 
ğŸ’ªStrength 
ğŸ’ğŸ»â€â™€ï¸Low Impact
ğŸ™…ğŸ»â€â™€ï¸Zero Equipment
ğŸ¤±ğŸ»Post Pregnancy
7 day FREE trialğŸ‘‡",13255816,725,9866
27,michelle_lewin,ğŸ‘‡ğŸ»Train with meğŸ‘‡ğŸ»Entrena conmigo!,14130947,310,1607
28,simeonpanda,"@elimin8challenge get ğŸ’µ to ğŸ’ª sign up below 
â€¢ @innosupps â€¢ @justliftofficial
â€¢ @boohoomanactive 
Train with me ğŸ‘‡
â™¾ Naturalâ£",7872317,187,7465
29,blogilates,"âœğŸ¼ CEO & Head Designer of @popflex_active
ğŸ˜‚Comics @blogicomics
ğŸ“±App @bodybyblogilates
ğŸ§˜ğŸ»â€â™€ï¸Creator of @poppilatesofficial",2175576,637,5746
30,whatsupmoms,"WUM is the #1 parenting network on @youtube.
Check us out for new videos weekly! 
Click here to watch ğŸ‘‡",125601,106,1126
31,amberfillerup,"ğŸŒµ AZ
Founder: @daehair @bfbhair",1350899,870,4415
32,glowmaven,Creative Matrix. Soulful #Doula. Yogini. Self-Care Sorceress. Founder @MamaGlow. #Oprahâ€™s Super Soul 100. Fulano's proud #mama. Author- OWN YOUR GLOW!,136968,1527,4317
33,realmomnutrition,"No-judgement zone about feeding your family. Youâ€™re safe here.
Parents magazine Advisor, WebMD Contributor, author.",20047,970,989
34,techsavvymama,"DC area blogger & middle school computer science teacher focused on edu, family tech & teens. â¤s= ğŸš€ #STEM ğŸƒ w #StJudeHeroes ğŸ #Haiti",10728,6180,3950
35,funforlouis,Now using @louiscole,120,0,0
36,chrisburkard,"Have Camera, Will Travel.
LDSâ€¢Photographerâ€¢Speakerâ€¢Filmmaker
@burkgnar",3672847,929,4031
37,wil_dasovich,"Youtuber
TravelğŸŒ Outdoorsâ›° FitnessğŸ¤¸ğŸ» NutritionğŸ¥¦
âœ‰ï¸ For inquiries: Wddw123@yahoo.com
â¬‡ï¸ Where the REAL content is! â¬‡ï¸:",854278,210,1015
38,thebucketlistfamily,"Family Travel Journalists
ğŸŒ 85 countries together - Currently : Zimbabwe 
Check out our new online shop! ğŸ’",2647956,522,2291
39,izkiz,"Welcome to my colourful world ğŸ¨
British travel & lifestyle creative ğ–¤¥ London
My apps â‡¢ @izkizapp & izkizFX
ğŸ’Œ izkiz@influencer.com",2902659,87,1249
40,thrivewithco,"COâ€” is here to help you start, run and grow your business.",1476,82,144
